match_id,avg_rating_home,weighted_rating_home,xG_from_players_home,goal_contrib_home,avg_rating_away,weighted_rating_away,xG_from_players_away,goal_contrib_away,match_date,team_home_id,homeTeam_name,team_away_id,awayTeam_name,home_goals,away_goals,possession_home,possession_away,passes_home,passes_away,accuratePasses_home,accuratePasses_away,dribblesPct_home,dribblesPct_away,duelWonPct_home,duelWonPct_away,interceptions_home,interceptions_away,blocks_home,blocks_away,clearances_home,clearances_away,corners_home,corners_away,fouls_home,fouls_away,offsides_home,offsides_away,xG_home,xG_away,result,elo_home,elo_away,elo_diff
12652779,4.947826086956522,7.252119460500964,1.49,7.0,4.326086956521739,6.61990291262136,1.1,2.0,2024-08-09,64289,Persib Bandung,266861,PSBS Biak,4.0,1.0,40.0,60.0,298.0,426.0,220.0,363.0,25.0,22.0,41.0,38.0,17.0,17.0,1.0,3.0,8.0,18.0,4.0,4.0,16.0,10.0,0.0,2.0,1.492576,1.100518,H,1500.0,1500.0,0.0
12652783,4.960869565217392,7.270936902485659,2.22,5.0,4.586956521739131,6.592483349191248,0.71,0.0,2024-08-10,135864,PSM Makassar,200020,Persis Solo,3.0,0.0,45.0,55.0,303.0,339.0,199.0,257.0,13.0,15.0,31.0,35.0,21.0,24.0,1.0,3.0,12.0,25.0,10.0,3.0,18.0,7.0,0.0,1.0,2.228093,0.707948,H,1500.0,1500.0,0.0
12652782,4.682608695652172,6.735137701804368,1.4900000000000002,1.0,4.630434782608695,6.685840707964601,2.33,1.0,2024-08-10,86578,Madura United FC,491968,Malut United FC,1.0,1.0,60.0,40.0,436.0,283.0,369.0,218.0,21.0,15.0,34.0,38.0,14.0,10.0,1.0,3.0,11.0,15.0,3.0,5.0,15.0,13.0,0.0,2.0,1.494109,2.3459146000000004,D,1500.0,1500.0,0.0
12652781,4.9,7.1812680115273775,2.06,4.0,4.522727272727272,6.611089681774349,0.62,0.0,2024-08-10,64295,Persija Jakarta,86542,PS Barito Putera,3.0,0.0,57.0,43.0,550.0,341.0,493.0,280.0,8.0,10.0,30.0,43.0,13.0,8.0,3.0,1.0,10.0,14.0,5.0,3.0,25.0,8.0,1.0,0.0,2.05661,0.635869,H,1500.0,1500.0,0.0
12652787,4.643478260869566,6.6826127819548855,0.47,2.0,4.791304347826087,6.941586998087954,0.96,4.0,2024-08-11,135866,Persik Kediri,64299,Bali United FC,1.0,3.0,63.0,37.0,375.0,233.0,300.0,161.0,18.0,17.0,38.0,40.0,15.0,24.0,4.0,1.0,15.0,31.0,0.0,5.0,15.0,26.0,0.0,3.0,0.471845,0.958313,A,1500.0,1500.0,0.0
12652786,4.531818181818182,6.663416988416989,0.71,0.0,4.221739130434783,6.949468599033816,0.67,1.0,2024-08-11,189471,PSIS Semarang,86576,Persita Tangerang,0.0,1.0,64.0,36.0,449.0,225.0,378.0,175.0,15.0,7.0,37.0,34.0,7.0,12.0,2.0,2.0,5.0,27.0,12.0,4.0,12.0,13.0,2.0,0.0,0.7132618,0.673261,A,1500.0,1500.0,0.0
12652785,7.161538461538461,7.20746561886051,1.7999999999999998,1.0,5.32,6.688167938931297,0.28,0.0,2024-08-11,76319,Persebaya Surabaya,204733,PSS Sleman,1.0,0.0,57.0,43.0,351.0,284.0,284.0,210.0,10.0,3.0,42.0,37.0,9.0,12.0,5.0,2.0,6.0,19.0,6.0,2.0,9.0,16.0,0.0,1.0,1.397601,0.18233,H,1500.0,1500.0,0.0
12652788,4.752173913043476,6.957380254154448,0.82,0.0,4.449999999999999,7.069794721407624,1.23,0.0,2024-08-12,47465,Arema FC,383891,Dewa United FC,0.0,0.0,42.0,58.0,239.0,398.0,192.0,347.0,8.0,17.0,32.0,41.0,9.0,15.0,5.0,2.0,13.0,14.0,10.0,4.0,13.0,13.0,0.0,1.0,0.8319692,1.2374809,D,1500.0,1500.0,0.0
12652789,4.247826086956522,6.500487329434698,0.87,1.0,5.457142857142856,7.326011560693642,1.09,6.0,2024-08-12,86066,Semen Padang FC,189945,Borneo FC Samarinda,1.0,3.0,33.0,67.0,315.0,629.0,225.0,544.0,12.0,21.0,37.0,33.0,15.0,18.0,3.0,5.0,13.0,18.0,2.0,6.0,9.0,7.0,2.0,2.0,0.876168,1.093452,A,1500.0,1500.0,0.0
12653695,4.808695652173912,6.971414728682172,2.2,0.0,4.780952380952382,7.158162267839687,1.05,0.0,2024-08-16,491968,Malut United FC,76319,Persebaya Surabaya,0.0,0.0,41.0,59.0,308.0,405.0,241.0,329.0,15.0,17.0,29.0,41.0,18.0,15.0,4.0,1.0,19.0,25.0,6.0,8.0,9.0,12.0,1.0,2.0,2.197031,1.049267,D,1500.0,1515.0,-15.0
12653698,4.173913043478263,6.932709359605912,0.67,1.0,4.504347826086957,6.909784735812133,1.66,0.0,2024-08-16,86542,PS Barito Putera,86578,Madura United FC,1.0,0.0,38.0,62.0,325.0,519.0,256.0,431.0,15.0,12.0,34.0,30.0,16.0,17.0,1.0,1.0,23.0,3.0,1.0,2.0,13.0,17.0,1.0,1.0,0.666993,1.6644690000000002,H,1485.0,1500.0,-15.0
12653699,4.699999999999999,6.803627450980391,1.4000000000000004,0.0,4.504545454545455,7.144117647058823,0.71,3.0,2024-08-17,47465,Arema FC,189945,Borneo FC Samarinda,0.0,2.0,42.0,58.0,266.0,399.0,200.0,322.0,13.0,9.0,47.0,30.0,8.0,19.0,1.0,0.0,10.0,7.0,5.0,4.0,9.0,19.0,4.0,2.0,1.400562,0.71366,A,1500.0,1515.0,-15.0
12653694,4.508695652173912,6.944077669902912,1.33,0.0,4.226086956521739,6.96409756097561,0.05,1.0,2024-08-17,200020,Persis Solo,189471,PSIS Semarang,0.0,1.0,57.0,43.0,424.0,333.0,341.0,277.0,21.0,15.0,44.0,33.0,8.0,23.0,6.0,0.0,9.0,18.0,9.0,2.0,10.0,16.0,4.0,2.0,1.34659,0.04751,A,1485.0,1485.0,0.0
12653693,4.769565217391304,6.96488038277512,0.15,0.0,4.643478260869567,7.208173076923077,0.6600000000000001,0.0,2024-08-18,86576,Persita Tangerang,64295,Persija Jakarta,0.0,0.0,29.0,71.0,234.0,654.0,173.0,591.0,21.0,21.0,36.0,35.0,19.0,15.0,1.0,3.0,27.0,15.0,2.0,8.0,15.0,15.0,2.0,0.0,0.151463,0.662982,D,1515.0,1515.0,0.0
12653696,5.021739130434783,7.427783251231528,3.26,3.0,4.378260869565217,6.731956735496558,0.71,0.0,2024-08-18,64299,Bali United FC,86066,Semen Padang FC,2.0,0.0,58.0,42.0,402.0,270.0,339.0,208.0,22.0,11.0,42.0,29.0,15.0,19.0,9.0,1.0,11.0,23.0,7.0,0.0,16.0,14.0,0.0,2.0,3.269374,0.712265,H,1515.0,1485.0,30.0
12651010,4.813636363636364,6.636105860113423,0.77,0.0,4.391304347826087,7.21965317919075,2.43,4.0,2024-08-19,204733,PSS Sleman,135866,Persik Kediri,0.0,2.0,46.0,54.0,304.0,335.0,236.0,275.0,7.0,16.0,35.0,36.0,10.0,15.0,1.0,2.0,19.0,19.0,5.0,2.0,15.0,15.0,2.0,0.0,0.76862,2.42709,A,1485.0,1485.0,0.0
12651009,4.3590909090909085,6.9344488188976365,2.91,4.0,4.849999999999999,6.733365664403493,0.96,3.0,2024-08-19,383891,Dewa United FC,64289,Persib Bandung,2.0,2.0,63.0,37.0,548.0,331.0,475.0,252.0,9.0,3.0,39.0,29.0,11.0,1.0,2.0,1.0,7.0,4.0,6.0,3.0,8.0,10.0,2.0,1.0,2.915,0.957805,D,1500.0,1515.0,-15.0
12651012,4.500000000000001,7.002470355731225,0.86,1.0,4.708695652173914,6.871960784313725,0.98,0.0,2024-08-23,189471,PSIS Semarang,266861,PSBS Biak,1.0,0.0,45.0,55.0,333.0,397.0,244.0,312.0,11.0,12.0,34.0,29.0,19.0,15.0,4.0,6.0,23.0,6.0,3.0,6.0,4.0,12.0,1.0,3.0,0.863843,0.9737797,H,1500.0,1485.0,15.0
12651013,4.884999999999999,7.046003898635478,3.52,2.0,4.463636363636364,6.670816326530613,0.28,2.0,2024-08-23,76319,Persebaya Surabaya,86542,PS Barito Putera,2.0,1.0,58.0,42.0,402.0,266.0,335.0,210.0,13.0,9.0,39.0,31.0,11.0,10.0,4.0,3.0,14.0,16.0,4.0,3.0,16.0,11.0,0.0,0.0,3.5095530000000004,0.2830357,H,1514.3528000084657,1500.6471999915343,13.705600016931385
12651017,4.647826086956521,6.790566037735849,0.47,0.0,4.786956521739131,7.012857142857142,0.58,2.0,2024-08-24,86578,Madura United FC,86576,Persita Tangerang,0.0,1.0,49.0,51.0,342.0,359.0,280.0,306.0,22.0,21.0,34.0,35.0,9.0,17.0,1.0,2.0,8.0,23.0,4.0,2.0,15.0,12.0,0.0,2.0,0.480811,0.569438,A,1484.3528000084657,1515.0,-30.647199991534308
12651011,4.718181818181818,7.037440758293838,1.95,2.0,4.913636363636365,6.817460317460317,2.35,1.0,2024-08-24,64295,Persija Jakarta,200020,Persis Solo,2.0,1.0,55.0,45.0,449.0,297.0,370.0,227.0,11.0,17.0,37.0,43.0,12.0,17.0,2.0,4.0,9.0,7.0,3.0,6.0,11.0,10.0,1.0,3.0,1.954553,2.351346,H,1515.0,1470.0,45.0
12651014,4.804347826086955,7.0007633587786255,1.23,0.0,4.7565217391304335,6.939904306220096,0.42,0.0,2024-08-25,135866,Persik Kediri,491968,Malut United FC,0.0,0.0,60.0,40.0,482.0,304.0,414.0,228.0,10.0,12.0,37.0,37.0,14.0,16.0,1.0,1.0,5.0,15.0,4.0,2.0,13.0,9.0,0.0,0.0,1.23534,0.4213947,D,1500.0,1500.6471999915343,-0.6471999915343076
12651016,4.126086956521739,6.789233753637246,1.21,2.0,4.143478260869566,6.870667957405614,0.8800000000000001,2.0,2024-08-25,64289,Persib Bandung,47465,Arema FC,1.0,1.0,56.0,44.0,370.0,234.0,299.0,168.0,22.0,19.0,37.0,36.0,12.0,17.0,7.0,0.0,7.0,14.0,5.0,5.0,15.0,13.0,4.0,2.0,1.226357,0.878575,D,1514.3528000084657,1485.6471999915343,28.705600016931385
12651020,4.221739130434783,7.003085824493732,1.15,1.0,5.515,6.9450888681010285,1.67,0.0,2024-08-26,86066,Semen Padang FC,204733,PSS Sleman,1.0,0.0,36.0,64.0,187.0,487.0,134.0,405.0,10.0,14.0,34.0,41.0,19.0,10.0,2.0,3.0,19.0,4.0,3.0,5.0,11.0,15.0,3.0,5.0,1.155918,1.660725,H,1471.2919947606663,1470.0,1.2919947606662845
12651018,4.7043478260869565,7.224760076775433,2.14,6.0,4.6761904761904765,6.520591039084844,1.06,1.0,2024-08-26,135864,PSM Makassar,383891,Dewa United FC,3.0,1.0,36.0,64.0,230.0,469.0,163.0,385.0,21.0,13.0,41.0,40.0,20.0,15.0,3.0,3.0,22.0,6.0,3.0,8.0,12.0,7.0,0.0,0.0,2.133531,1.070959,H,1515.0,1500.6471999915343,14.352800008465692
12651015,4.365217391304348,7.243317073170733,2.34,4.0,4.639130434782608,6.689296046287368,1.3,0.0,2024-08-27,189945,Borneo FC Samarinda,64299,Bali United FC,2.0,0.0,62.0,38.0,415.0,202.0,355.0,141.0,8.0,21.0,39.0,38.0,20.0,11.0,5.0,4.0,15.0,11.0,5.0,4.0,18.0,16.0,0.0,1.0,2.3413259,1.306496,H,1529.3528000084657,1528.7080052393337,0.6447947691319769
12651019,,,,,,,,,2024-09-11,64299,Bali United FC,47465,Arema FC,0.0,0.0,,,,,,,,,,,,,,,,,,,,,,,,,D,1513.735843235313,1486.883708059378,26.852135175935018
12651021,5.336842105263158,6.86615087040619,0.8099999999999999,4.0,4.621739130434783,6.700574162679425,1.59,1.0,2024-09-11,383891,Dewa United FC,189471,PSIS Semarang,2.0,1.0,48.0,52.0,382.0,353.0,317.0,289.0,12.0,28.0,33.0,44.0,16.0,7.0,2.0,5.0,15.0,12.0,5.0,6.0,7.0,14.0,3.0,2.0,0.813747,1.582487,H,1486.2665079213741,1514.3528000084657,-28.08629208709158
12651024,4.165217391304347,6.8147859922179,0.2,0.0,4.590909090909091,6.771567672833496,0.53,0.0,2024-09-11,135864,PSM Makassar,64289,Persib Bandung,0.0,0.0,48.0,52.0,252.0,308.0,176.0,232.0,15.0,8.0,34.0,42.0,10.0,15.0,2.0,2.0,18.0,11.0,4.0,3.0,18.0,10.0,0.0,3.0,0.202834,0.528291,D,1529.3806920701602,1513.116291940622,16.264400129538217
12651027,5.127272727272727,7.149566055930569,1.0900000000000003,4.0,4.621739130434783,6.679094412331407,0.48,2.0,2024-09-12,266861,PSBS Biak,64295,Persija Jakarta,3.0,1.0,46.0,54.0,304.0,492.0,237.0,421.0,27.0,13.0,42.0,32.0,20.0,12.0,3.0,2.0,25.0,16.0,5.0,5.0,13.0,13.0,1.0,0.0,1.082385,0.4801726,H,1470.6471999915343,1528.0679852927874,-57.42078530125309
12651023,5.228571428571428,6.886493987049028,1.55,0.0,4.665217391304347,7.015,2.07,2.0,2024-09-12,204733,PSS Sleman,189945,Borneo FC Samarinda,1.0,1.0,49.0,51.0,405.0,372.0,325.0,313.0,17.0,11.0,42.0,32.0,17.0,13.0,1.0,3.0,20.0,13.0,1.0,4.0,10.0,8.0,3.0,3.0,1.5567684,2.072615,D,1455.0557796405628,1544.3249620124864,-89.26918237192353
12653691,4.534782608695653,7.011241446725318,1.2000000000000002,3.0,4.5956521739130425,6.593457031250001,1.0,2.0,2024-09-13,491968,Malut United FC,86066,Semen Padang FC,2.0,1.0,59.0,41.0,467.0,340.0,399.0,288.0,31.0,18.0,47.0,25.0,13.0,15.0,4.0,2.0,17.0,25.0,4.0,3.0,9.0,14.0,2.0,2.0,1.202381,1.014387,H,1500.6192581541156,1486.2362151201035,14.38304303401219
12651026,4.143478260869565,6.682125603864734,2.47,4.0,4.686956521739129,6.83070342205323,1.1800000000000002,3.0,2024-09-14,86542,PS Barito Putera,135866,Persik Kediri,2.0,2.0,46.0,54.0,281.0,354.0,227.0,304.0,20.0,14.0,45.0,29.0,5.0,8.0,7.0,1.0,19.0,8.0,3.0,3.0,12.0,16.0,1.0,2.0,2.4726172,1.179447,D,1486.2386115690294,1500.0279418374187,-13.789330268389222
12651022,4.786956521739131,6.92552380952381,1.9400000000000004,0.0,5.045,6.800771456123433,0.4,1.0,2024-09-14,86576,Persita Tangerang,76319,Persebaya Surabaya,0.0,1.0,65.0,35.0,452.0,228.0,384.0,158.0,12.0,7.0,46.0,28.0,13.0,14.0,5.0,1.0,14.0,14.0,5.0,3.0,10.0,22.0,0.0,0.0,1.9319791,0.40476,A,1528.6802751485857,1528.7613884309706,-0.08111328238487658
12657423,4.647826086956521,6.71531100478469,2.29,0.0,4.0,7.109724950884087,0.68,2.0,2024-09-15,135864,PSM Makassar,47465,Arema FC,0.0,1.0,50.0,50.0,277.0,326.0,199.0,254.0,15.0,18.0,27.0,40.0,17.0,19.0,2.0,2.0,4.0,27.0,3.0,0.0,10.0,8.0,1.0,2.0,2.30092,0.6887079999999998,A,1528.6790139555771,1488.0407051729449,40.63830878263229
12651030,4.395652173913043,6.750237416904084,1.36,3.0,3.9409090909090905,6.676134122287968,0.29,1.0,2024-09-15,64289,Persib Bandung,189471,PSIS Semarang,2.0,1.0,57.0,43.0,443.0,300.0,373.0,228.0,17.0,15.0,33.0,37.0,15.0,18.0,4.0,0.0,7.0,18.0,4.0,1.0,19.0,10.0,0.0,1.0,1.347992,0.28692,H,1513.817970055205,1498.142851796155,15.675118259050123
12651028,4.895652173913044,7.116098484848485,1.38,0.0,5.165000000000001,7.010414657666344,0.17,0.0,2024-09-16,64299,Bali United FC,204733,PSS Sleman,0.0,0.0,54.0,46.0,373.0,259.0,313.0,210.0,20.0,16.0,45.0,36.0,8.0,17.0,5.0,0.0,15.0,26.0,15.0,4.0,12.0,15.0,1.0,1.0,0.017232,0.0,D,1512.5788461217462,1458.8272104242155,53.75163569753067
12651033,4.260869565217392,7.06335952848723,0.56,0.0,5.105263157894737,6.9715686274509805,0.99,0.0,2024-09-16,64295,Persija Jakarta,383891,Dewa United FC,0.0,0.0,46.0,54.0,398.0,444.0,334.0,381.0,10.0,6.0,39.0,45.0,3.0,13.0,4.0,2.0,8.0,2.0,7.0,5.0,17.0,12.0,2.0,0.0,0.5584549999999999,0.978787,D,1510.611257995026,1502.476456133685,8.134801861341202
12651031,4.534782608695654,6.999999999999999,1.0,3.0,4.456521739130435,6.893805309734513,2.15,2.0,2024-09-17,266861,PSBS Biak,86578,Madura United FC,2.0,1.0,48.0,52.0,340.0,392.0,271.0,342.0,10.0,5.0,42.0,35.0,6.0,6.0,3.0,2.0,21.0,13.0,5.0,4.0,17.0,10.0,0.0,1.0,0.9962849999999998,2.1547,H,1488.1039272892956,1470.67252485988,17.431402429415584
12651032,4.095652173913044,7.309163346613546,1.4300000000000002,2.0,4.595652173913044,6.640766208251473,0.48,0.0,2024-09-17,189945,Borneo FC Samarinda,491968,Malut United FC,1.0,0.0,72.0,28.0,617.0,235.0,541.0,181.0,14.0,7.0,38.0,36.0,8.0,9.0,1.0,2.0,4.0,10.0,6.0,1.0,15.0,9.0,2.0,1.0,1.426289,0.476994,H,1540.5535312288337,1514.998646758325,25.55488447050857
12650967,4.517391304347826,6.9172413793103456,2.4,1.0,4.6130434782608685,6.685283018867924,0.46,3.0,2024-09-18,86066,Semen Padang FC,86542,PS Barito Putera,1.0,2.0,64.0,36.0,392.0,179.0,329.0,137.0,25.0,3.0,49.0,22.0,7.0,13.0,3.0,1.0,9.0,41.0,2.0,4.0,11.0,16.0,0.0,0.0,2.4098352000000003,0.4599,A,1471.856826515894,1486.8336324182164,-14.97680590232244
12650962,,,,,,,,,2024-09-18,135866,Persik Kediri,86576,Persita Tangerang,1.0,0.0,,,,,,,,,,,,,,,,,,,,,,,,,H,1499.4329209882317,1513.6837770904258,-14.25085610219412
12650970,6.891666666666666,6.921021021021021,2.26,3.0,4.977272727272728,6.889595375722544,1.17,2.0,2024-09-18,76319,Persebaya Surabaya,200020,Persis Solo,2.0,1.0,46.0,54.0,296.0,331.0,230.0,266.0,6.0,10.0,41.0,35.0,6.0,15.0,4.0,2.0,7.0,17.0,5.0,3.0,12.0,15.0,0.0,1.0,2.2656910000000003,1.1621065000000002,H,1543.7578864891304,1456.9320147072126,86.82587178191784
12650975,4.808695652173912,6.975533980582524,0.82,0.0,5.065,6.854011741682974,0.45,0.0,2024-09-20,135864,PSM Makassar,189471,PSIS Semarang,0.0,0.0,51.0,49.0,301.0,269.0,230.0,215.0,28.0,10.0,42.0,35.0,10.0,14.0,4.0,1.0,9.0,33.0,10.0,5.0,14.0,11.0,3.0,1.0,0.816718,0.4420199999999999,D,1511.9324747644491,1483.8191422489213,28.113332515527873
12650971,4.800000000000002,7.012237093690249,0.6699999999999999,4.0,4.7043478260869565,6.784034416826004,2.49,1.0,2024-09-20,204733,PSS Sleman,47465,Arema FC,3.0,1.0,39.0,61.0,252.0,412.0,204.0,363.0,19.0,11.0,37.0,42.0,16.0,13.0,0.0,7.0,27.0,7.0,3.0,9.0,18.0,12.0,0.0,0.0,0.6776399999999999,2.4871203,H,1461.1295157098937,1504.7872443640729,-43.65772865417921
12653692,4.6173913043478265,6.6218984962406005,0.89,2.0,4.243478260869565,6.9879923150816525,1.37,4.0,2024-09-21,491968,Malut United FC,64299,Bali United FC,1.0,4.0,55.0,45.0,340.0,314.0,276.0,248.0,20.0,13.0,44.0,37.0,14.0,8.0,4.0,4.0,17.0,9.0,5.0,2.0,16.0,16.0,0.0,0.0,0.8771040000000001,1.364931,A,1501.0999544909027,1510.276540836068,-9.176586345165333
12650977,5.074999999999998,6.8150608044901775,1.76,3.0,4.5260869565217385,6.997097378277154,2.18,5.0,2024-09-21,383891,Dewa United FC,86578,Madura United FC,3.0,3.0,57.0,43.0,529.0,386.0,467.0,322.0,7.0,21.0,28.0,45.0,12.0,13.0,2.0,2.0,14.0,11.0,1.0,3.0,12.0,7.0,2.0,3.0,1.7602,2.1840580000000003,D,1502.8275995976112,1456.4244681760229,46.40313142158834
12650974,4.252173913043478,6.992961876832845,1.03,1.0,4.639130434782608,6.68144927536232,0.23,0.0,2024-09-22,86576,Persita Tangerang,86066,Semen Padang FC,1.0,0.0,56.0,44.0,390.0,315.0,333.0,250.0,11.0,15.0,34.0,39.0,22.0,12.0,3.0,1.0,20.0,15.0,3.0,6.0,10.0,18.0,2.0,2.0,1.024136,0.235516,H,1498.0688629833662,1457.5030269990439,40.56583598432235
12650980,4.856521739130436,6.9884615384615385,0.99,0.0,4.43157894736842,7.021791044776119,0.65,2.0,2024-09-22,266861,PSBS Biak,76319,Persebaya Surabaya,0.0,1.0,60.0,40.0,429.0,225.0,344.0,164.0,28.0,15.0,45.0,34.0,14.0,27.0,3.0,1.0,9.0,37.0,6.0,5.0,10.0,10.0,1.0,2.0,0.99322,0.65462,A,1502.3519839731528,1555.0854468447908,-52.73346287163804
12650973,4.743478260869566,6.905802707930368,1.5500000000000005,0.0,4.721739130434782,6.829651741293532,0.3,2.0,2024-09-23,200020,Persis Solo,135866,Persik Kediri,0.0,1.0,56.0,44.0,339.0,316.0,273.0,254.0,28.0,7.0,40.0,28.0,9.0,14.0,6.0,3.0,11.0,9.0,13.0,2.0,19.0,16.0,1.0,1.0,1.54825,0.2999075,A,1445.6044543515522,1515.0478350952912,-69.443380743739
12650979,4.660869565217391,7.171881188118812,1.79,3.0,4.456521739130434,6.48680981595092,0.85,0.0,2024-09-23,64289,Persib Bandung,64295,Persija Jakarta,2.0,0.0,49.0,51.0,329.0,314.0,287.0,260.0,21.0,12.0,41.0,31.0,11.0,8.0,3.0,3.0,15.0,8.0,1.0,4.0,13.0,19.0,3.0,0.0,1.789786,0.852287,H,1528.1416796024387,1510.2601145310998,17.881565071338855
12650978,4.391304347826088,6.787006737247353,0.72,1.0,4.521739130434782,7.007610789980732,1.71,1.0,2024-09-23,86542,PS Barito Putera,189945,Borneo FC Samarinda,1.0,1.0,40.0,60.0,256.0,490.0,194.0,424.0,10.0,18.0,37.0,40.0,21.0,9.0,1.0,0.0,14.0,19.0,7.0,2.0,9.0,17.0,0.0,3.0,0.730699,1.717957,D,1501.1874319350666,1554.452223496256,-53.26479156118944
12650976,4.463636363636363,6.652732502396932,0.3,2.0,4.873913043478261,7.0008333333333335,1.37,3.0,2024-09-26,189471,PSIS Semarang,47465,Arema FC,1.0,2.0,42.0,58.0,333.0,495.0,270.0,428.0,12.0,18.0,37.0,40.0,16.0,9.0,1.0,5.0,10.0,7.0,1.0,3.0,11.0,14.0,2.0,2.0,0.301264,1.383892,A,1485.0302502871468,1487.9122468764306,-2.8819965892837445
12650981,4.691304347826088,6.758564593301436,0.58,0.0,4.734782608695651,6.981341107871719,1.5100000000000002,1.0,2024-09-26,204733,PSS Sleman,491968,Malut United FC,0.0,1.0,44.0,56.0,411.0,458.0,348.0,391.0,13.0,11.0,37.0,34.0,9.0,13.0,3.0,1.0,7.0,8.0,5.0,5.0,12.0,12.0,1.0,3.0,0.5776991,1.510629,A,1478.004513197536,1486.496047468635,-8.491534271098999
12650984,4.1913043478260885,6.863472485768501,2.1,5.0,4.6695652173913045,6.769294990723561,1.4399999999999995,1.0,2024-09-27,64299,Bali United FC,86542,PS Barito Putera,3.0,2.0,47.0,53.0,311.0,315.0,254.0,268.0,0.0,3.0,39.0,50.0,13.0,23.0,4.0,2.0,4.0,6.0,7.0,5.0,20.0,11.0,0.0,0.0,2.102735,1.4415,H,1524.8804478583359,1503.4692092335001,21.411238624835732
12650982,4.299999999999999,7.203496503496504,2.9199999999999995,0.0,4.5200000000000005,6.975540275049116,0.8700000000000001,0.0,2024-09-27,76319,Persebaya Surabaya,383891,Dewa United FC,0.0,0.0,40.0,60.0,282.0,462.0,219.0,412.0,31.0,13.0,50.0,29.0,10.0,13.0,7.0,3.0,8.0,17.0,5.0,1.0,11.0,12.0,4.0,0.0,2.919107,0.8789,D,1567.8260832302813,1500.836043104053,66.99004012622822
12650983,4.71304347826087,6.844271844660192,1.03,0.0,4.556521739130433,7.034652509652509,1.5000000000000002,1.0,2024-09-28,135866,Persik Kediri,266861,PSBS Biak,0.0,1.0,66.0,34.0,607.0,271.0,531.0,209.0,18.0,19.0,28.0,44.0,21.0,16.0,2.0,2.0,20.0,19.0,4.0,2.0,10.0,14.0,2.0,1.0,1.0237218,1.51488,A,1527.089020026873,1489.6113475876623,37.477672439210664
12650988,4.331818181818183,6.874193548387097,0.6799999999999999,4.0,5.16190476190476,6.874066985645933,0.8999999999999999,4.0,2024-09-28,86578,Madura United FC,64289,Persib Bandung,2.0,2.0,49.0,51.0,325.0,364.0,272.0,302.0,11.0,20.0,38.0,49.0,10.0,11.0,2.0,1.0,17.0,10.0,8.0,2.0,12.0,11.0,0.0,4.0,0.688574,0.897575,D,1458.416024669581,1542.3703513125129,-83.95432664293185
12650986,4.545454545454545,7.1923076923076925,1.59,0.0,5.063636363636364,7.0333009708737855,0.84,0.0,2024-09-29,86066,Semen Padang FC,200020,Persis Solo,0.0,0.0,42.0,58.0,293.0,429.0,236.0,354.0,26.0,16.0,37.0,33.0,21.0,12.0,5.0,1.0,19.0,11.0,8.0,5.0,11.0,9.0,1.0,2.0,1.591954,0.8396239999999999,D,1444.24647963259,1433.5632694199705,10.683210212619542
12650987,4.765,6.857853658536586,0.97,2.0,4.421739130434784,6.83111753371869,1.24,2.0,2024-09-29,64295,Persija Jakarta,135864,PSM Makassar,1.0,1.0,71.0,29.0,518.0,176.0,426.0,106.0,8.0,11.0,35.0,36.0,7.0,16.0,2.0,1.0,16.0,8.0,5.0,4.0,11.0,11.0,1.0,2.0,0.962419,1.234168,D,1496.0314428210256,1510.7213667262236,-14.68992390519793
12650985,4.421739130434784,7.380844793713162,2.94,0.0,4.860869565217391,7.143381642512078,0.3,0.0,2024-09-30,189945,Borneo FC Samarinda,86576,Persita Tangerang,0.0,0.0,69.0,31.0,503.0,226.0,442.0,180.0,32.0,14.0,46.0,40.0,11.0,18.0,5.0,1.0,6.0,28.0,11.0,4.0,14.0,15.0,3.0,0.0,2.932276,0.298529,D,1552.1704461978225,1511.32541034982,40.84503584800245
12650989,3.839130434782608,6.419324181626188,0.02,0.0,4.92608695652174,7.13980582524272,0.91,3.0,2024-10-17,189471,PSIS Semarang,64295,Persija Jakarta,0.0,2.0,31.0,69.0,229.0,617.0,177.0,561.0,10.0,12.0,34.0,39.0,10.0,14.0,1.0,2.0,27.0,10.0,2.0,8.0,12.0,10.0,1.0,1.0,0.0202849999999999,0.904898,A,1470.1546732281095,1496.6652801622395,-26.51060693413001
12650992,5.345000000000001,6.747200772200771,1.82,4.0,4.147826086956521,6.850875486381324,2.07,4.0,2024-10-17,383891,Dewa United FC,135866,Persik Kediri,2.0,3.0,57.0,43.0,429.0,334.0,366.0,272.0,28.0,20.0,39.0,35.0,8.0,13.0,3.0,3.0,7.0,22.0,10.0,2.0,8.0,8.0,1.0,1.0,1.8061107,2.074369,A,1503.692919891632,1510.4772255092428,-6.784305617610698
12650990,4.900000000000001,7.116122840690978,2.19,5.0,4.27391304347826,6.52936660268714,1.16,4.0,2024-10-18,266861,PSBS Biak,86066,Semen Padang FC,3.0,2.0,63.0,37.0,521.0,309.0,471.0,250.0,20.0,10.0,42.0,30.0,12.0,8.0,2.0,2.0,21.0,11.0,5.0,3.0,10.0,14.0,4.0,1.0,2.1850915000000004,1.1582400000000002,H,1506.2231421052925,1443.78539367926,62.437748426032385
12650993,4.560869565217391,7.124444444444444,0.62,3.0,4.5272727272727264,6.672437137330753,0.54,0.0,2024-10-18,64289,Persib Bandung,76319,Persebaya Surabaya,2.0,0.0,51.0,49.0,468.0,446.0,406.0,376.0,21.0,20.0,33.0,38.0,16.0,12.0,0.0,1.0,7.0,6.0,2.0,4.0,8.0,11.0,1.0,1.0,0.628673,0.530422,H,1538.8146886695008,1564.9692064427022,-26.154517773201405
12650994,4.882608695652174,7.039638783269962,1.03,4.0,3.991304347826087,6.572410454985478,0.24,0.0,2024-10-18,135864,PSM Makassar,86578,Madura United FC,2.0,0.0,40.0,60.0,215.0,318.0,153.0,240.0,19.0,18.0,44.0,38.0,11.0,17.0,3.0,3.0,12.0,15.0,2.0,6.0,15.0,18.0,3.0,1.0,1.022161,0.2379069999999999,H,1510.0875293850097,1461.971687312593,48.115842072416626
12650995,4.556521739130433,6.99294003868472,2.2700000000000005,4.0,4.7086956521739145,6.8488995215311,1.5699999999999998,1.0,2024-10-19,47465,Arema FC,491968,Malut United FC,3.0,1.0,59.0,41.0,458.0,314.0,384.0,244.0,18.0,27.0,39.0,46.0,10.0,18.0,2.0,1.0,12.0,8.0,5.0,5.0,15.0,7.0,2.0,3.0,2.265987,1.559385,H,1502.787823935468,1501.1295114439988,1.6583124914691325
12650991,4.830434782608696,6.975384615384615,2.04,5.0,4.77391304347826,7.019020172910662,2.03,3.0,2024-10-19,200020,Persis Solo,189945,Borneo FC Samarinda,3.0,2.0,47.0,53.0,337.0,403.0,257.0,337.0,13.0,12.0,36.0,33.0,20.0,19.0,4.0,6.0,14.0,16.0,4.0,8.0,9.0,11.0,4.0,2.0,2.0434259000000004,2.038177,H,1434.0243553733005,1550.4151034936458,-116.39074812034528
12651002,4.595652173913043,6.663601895734597,0.21,0.0,4.309523809523808,6.954898157129001,1.4300000000000002,5.0,2024-10-20,86542,PS Barito Putera,204733,PSS Sleman,0.0,3.0,62.0,38.0,354.0,229.0,295.0,180.0,12.0,5.0,40.0,35.0,4.0,13.0,3.0,1.0,3.0,13.0,8.0,1.0,16.0,24.0,3.0,1.0,0.206042,1.4314398,A,1489.3924382541231,1463.3710492221721,26.021389031951003
12650998,4.678260869565219,6.827751196172249,0.41,0.0,4.908695652173913,7.1046845124283,2.39,1.0,2024-10-20,86576,Persita Tangerang,64299,Bali United FC,0.0,1.0,50.0,50.0,289.0,304.0,245.0,235.0,15.0,28.0,35.0,46.0,30.0,11.0,3.0,5.0,33.0,13.0,2.0,6.0,15.0,16.0,2.0,1.0,0.400298,2.3981524,A,1513.0807530539967,1538.9572188377128,-25.876465783716185
12650999,,,,,,,,,2024-10-23,86578,Madura United FC,189471,PSIS Semarang,1.0,0.0,,,,,,,,,,,,,,,,,,,,,,,,,H,1449.0358358912222,1456.29701200096,-7.261176109737789
12651008,5.095454545454546,7.145377358490566,2.3600000000000003,1.0,4.665217391304347,6.740827845719662,0.8,2.0,2024-10-23,76319,Persebaya Surabaya,135864,PSM Makassar,1.0,1.0,70.0,30.0,469.0,182.0,393.0,114.0,25.0,10.0,44.0,37.0,12.0,10.0,2.0,1.0,15.0,20.0,6.0,4.0,13.0,10.0,1.0,0.0,2.3639110000000003,0.80484,D,1548.842153299804,1523.0233808063804,25.818772493423694
12650997,4.247826086956522,5.981052631578947,0.93,0.0,5.614285714285713,7.45,4.19,12.0,2024-10-25,86066,Semen Padang FC,383891,Dewa United FC,1.0,8.0,44.0,56.0,343.0,409.0,284.0,364.0,12.0,15.0,40.0,39.0,7.0,12.0,3.0,2.0,9.0,16.0,3.0,4.0,16.0,19.0,2.0,1.0,0.91329,4.18895,A,1431.4523985880244,1488.985784688258,-57.533386100233656
12651006,4.9347826086956506,7.292755004766445,2.12,5.0,5.26,6.640537944284342,1.15,0.0,2024-10-25,189945,Borneo FC Samarinda,266861,PSBS Biak,3.0,0.0,54.0,46.0,441.0,309.0,369.0,230.0,22.0,23.0,37.0,34.0,12.0,19.0,0.0,2.0,4.0,11.0,4.0,8.0,8.0,13.0,1.0,3.0,2.11912,1.13332,H,1530.5700154084534,1518.5561371965282,12.013878211925203
12653690,4.239130434782608,7.008540218470705,1.08,0.0,4.556521739130436,7.105434782608696,0.48,0.0,2024-10-26,491968,Malut United FC,86542,PS Barito Putera,0.0,0.0,41.0,59.0,278.0,450.0,221.0,387.0,21.0,17.0,40.0,36.0,12.0,12.0,1.0,3.0,9.0,12.0,5.0,5.0,11.0,10.0,2.0,2.0,1.0832395,0.4880287,D,1486.2011060057398,1473.2711004567434,12.930005548996405
12651001,4.452173913043478,6.8653021442495135,1.17,1.0,5.013636363636363,7.026833976833977,1.57,3.0,2024-10-26,47465,Arema FC,64295,Persija Jakarta,1.0,2.0,49.0,51.0,321.0,386.0,258.0,312.0,17.0,16.0,40.0,39.0,18.0,18.0,2.0,2.0,21.0,12.0,4.0,6.0,14.0,12.0,2.0,2.0,1.171154,1.5791940000000002,A,1517.716229373727,1510.522941389389,7.193287984337985
12650996,4.6000000000000005,7.18216748768473,1.81,4.0,4.877272727272729,6.736682926829267,1.38,0.0,2024-10-27,64299,Bali United FC,200020,Persis Solo,3.0,0.0,40.0,60.0,249.0,352.0,177.0,292.0,11.0,17.0,34.0,40.0,12.0,19.0,3.0,6.0,23.0,16.0,8.0,10.0,16.0,8.0,1.0,0.0,1.8159544,1.3913539,H,1552.842103107615,1453.869443458493,98.97265964912208
12651007,4.961904761904762,7.057762777242044,2.5500000000000003,2.0,4.854545454545456,6.73977164605138,0.48,1.0,2024-10-27,204733,PSS Sleman,86576,Persita Tangerang,1.0,2.0,61.0,39.0,355.0,257.0,290.0,200.0,20.0,7.0,50.0,36.0,10.0,6.0,3.0,2.0,11.0,16.0,12.0,1.0,11.0,15.0,3.0,2.0,2.5592660000000005,0.4842588,A,1479.4923870195519,1499.1958687840945,-19.70348176454263
12651004,4.660869565217392,6.74985563041386,0.65,0.0,4.704545454545455,6.958949416342413,0.88,2.0,2024-10-28,135866,Persik Kediri,64289,Persib Bandung,0.0,2.0,58.0,42.0,493.0,367.0,423.0,303.0,18.0,11.0,39.0,38.0,15.0,18.0,6.0,1.0,9.0,17.0,4.0,3.0,8.0,13.0,0.0,0.0,0.6475217,0.88074,A,1525.1843607126168,1554.941741812399,-29.75738109978215
12651000,4.647826086956521,6.684045584045585,1.6000000000000003,1.0,4.878260869565217,7.08358633776091,2.9799999999999995,4.0,2024-11-01,86542,PS Barito Putera,47465,Arema FC,1.0,3.0,49.0,51.0,340.0,381.0,273.0,330.0,13.0,14.0,42.0,41.0,10.0,7.0,2.0,4.0,16.0,9.0,5.0,8.0,9.0,17.0,2.0,0.0,1.6082999999999998,2.978658,A,1473.8290760953862,1502.405714533665,-28.576638438278906
12651005,5.186363636363636,7.189038461538462,1.63,1.0,4.135,6.86006006006006,0.26,2.0,2024-11-01,64289,Persib Bandung,86066,Semen Padang FC,1.0,1.0,67.0,33.0,599.0,221.0,519.0,172.0,38.0,12.0,47.0,34.0,10.0,19.0,4.0,2.0,10.0,38.0,10.0,1.0,10.0,6.0,3.0,0.0,1.631562,0.254766,D,1568.6601446647096,1418.9138565981139,149.74628806659575
12651003,5.242857142857143,6.982608695652174,0.87,0.0,5.955555555555556,7.3,0.93,2.0,2024-11-02,189471,PSIS Semarang,76319,Persebaya Surabaya,0.0,1.0,55.0,45.0,412.0,326.0,334.0,255.0,20.0,14.0,43.0,39.0,15.0,25.0,4.0,2.0,19.0,10.0,5.0,5.0,10.0,15.0,0.0,2.0,0.8735179999999999,0.932361,A,1440.9835674628166,1547.7295146540862,-106.74594719126958
12651035,4.965000000000001,7.164117647058824,0.7,1.0,4.818181818181819,6.704591836734694,0.77,0.0,2024-11-02,189945,Borneo FC Samarinda,383891,Dewa United FC,1.0,0.0,73.0,27.0,468.0,158.0,407.0,107.0,19.0,12.0,44.0,41.0,9.0,10.0,2.0,2.0,2.0,17.0,5.0,3.0,18.0,15.0,7.0,2.0,0.695786,0.7663362,H,1545.0515412199334,1501.5243266781686,43.527214541764806
12650969,4.269565217391304,7.09832181638697,1.54,3.0,4.708695652173913,6.80439453125,1.6,0.0,2024-11-03,266861,PSBS Biak,64299,Bali United FC,2.0,0.0,47.0,53.0,281.0,349.0,215.0,275.0,16.0,23.0,34.0,41.0,10.0,12.0,6.0,1.0,22.0,32.0,6.0,4.0,14.0,8.0,0.0,0.0,1.5283395000000002,1.587241,H,1504.0746113850482,1563.681060155463,-59.60644877041477
12650966,4.730434782608694,6.848612440191387,1.55,0.0,4.472727272727273,7.137243401759531,1.2299999999999998,3.0,2024-11-03,200020,Persis Solo,204733,PSS Sleman,0.0,2.0,60.0,40.0,419.0,272.0,357.0,211.0,16.0,12.0,35.0,36.0,10.0,19.0,4.0,4.0,8.0,21.0,8.0,3.0,9.0,17.0,2.0,0.0,1.541586,1.242671,A,1443.030486410645,1465.342143919292,-22.31165750864716
12650955,4.922727272727272,6.853653846153845,0.36,2.0,4.921739130434784,7.2265895953757235,4.05,2.0,2024-11-04,86576,Persita Tangerang,491968,Malut United FC,1.0,1.0,57.0,43.0,501.0,385.0,436.0,328.0,4.0,18.0,25.0,54.0,11.0,9.0,1.0,3.0,17.0,20.0,4.0,8.0,11.0,10.0,0.0,2.0,0.362328,4.049482,D,1513.3461118843543,1485.643130367097,27.702981517257285
12650946,4.734782608695652,6.886424474187381,2.16,1.0,4.091304347826088,6.821252566735113,0.68,2.0,2024-11-04,135864,PSM Makassar,135866,Persik Kediri,1.0,1.0,52.0,48.0,324.0,268.0,247.0,216.0,17.0,14.0,36.0,28.0,8.0,20.0,3.0,2.0,13.0,38.0,7.0,1.0,9.0,9.0,3.0,0.0,2.1592650000000004,0.680824,D,1524.1360194520983,1511.4659578603062,12.670061591792091
12650950,4.999999999999999,6.895126522961574,1.77,7.0,4.617391304347825,6.665919701213817,1.58,1.0,2024-11-06,64295,Persija Jakarta,86578,Madura United FC,4.0,1.0,48.0,52.0,390.0,443.0,326.0,393.0,8.0,21.0,30.0,41.0,7.0,11.0,2.0,3.0,16.0,8.0,4.0,6.0,15.0,10.0,2.0,0.0,1.7720800000000003,1.5758759999999998,H,1525.8334562294508,1464.3492804293655,61.48417580008527
12650952,4.121739130434783,6.771921182266008,0.97,2.0,4.482608695652174,6.945874263261297,1.03,2.0,2024-11-21,86066,Semen Padang FC,135864,PSM Makassar,1.0,1.0,33.0,67.0,187.0,420.0,118.0,328.0,9.0,19.0,30.0,46.0,17.0,10.0,1.0,4.0,29.0,7.0,2.0,10.0,10.0,11.0,2.0,1.0,0.969206,1.04213,D,1425.0062627699829,1523.5892512770047,-98.58298850702181
12650959,4.6,6.651740357478833,0.97,4.0,4.713043478260871,6.840509915014164,1.5600000000000005,5.0,2024-11-21,86578,Madura United FC,47465,Arema FC,2.0,4.0,64.0,36.0,439.0,241.0,379.0,204.0,15.0,12.0,43.0,34.0,8.0,15.0,1.0,1.0,11.0,15.0,5.0,3.0,12.0,24.0,1.0,1.0,0.97123,1.56486,A,1451.9763984092353,1516.1747365191259,-64.19833810989053
12653684,4.991304347826088,7.32429268292683,2.31,6.0,4.947619047619048,6.50409756097561,0.44,0.0,2024-11-21,491968,Malut United FC,200020,Persis Solo,3.0,0.0,45.0,55.0,310.0,423.0,243.0,352.0,16.0,6.0,37.0,31.0,13.0,7.0,3.0,3.0,15.0,20.0,5.0,2.0,20.0,8.0,1.0,2.0,2.313451,0.439596,H,1486.8366359512088,1428.9924361118933,57.84419983931548
12650958,4.895652173913045,7.142616822429907,2.01,2.0,4.643478260869565,7.257320574162678,2.74,0.0,2024-11-22,64289,Persib Bandung,189945,Borneo FC Samarinda,1.0,0.0,34.0,66.0,217.0,527.0,169.0,468.0,14.0,33.0,33.0,48.0,22.0,9.0,1.0,5.0,15.0,7.0,4.0,9.0,13.0,13.0,2.0,0.0,2.024986,2.7336309999999995,H,1562.5677384928406,1558.182090696987,4.385647795853629
12651037,5.475,6.919526066350711,2.82,2.0,4.931818181818182,6.77312440645774,1.67,1.0,2024-11-22,76319,Persebaya Surabaya,64295,Persija Jakarta,2.0,1.0,50.0,50.0,286.0,333.0,239.0,277.0,24.0,18.0,43.0,31.0,9.0,14.0,8.0,4.0,10.0,20.0,4.0,5.0,10.0,11.0,0.0,0.0,2.823022,1.676692,H,1558.2606588695396,1538.206338249581,20.054320619958617
12651036,4.639130434782609,6.656310679611652,0.9700000000000002,0.0,5.273684210526317,7.218226600985222,1.18,2.0,2024-11-22,204733,PSS Sleman,266861,PSBS Biak,0.0,1.0,51.0,49.0,372.0,355.0,297.0,285.0,14.0,15.0,32.0,39.0,15.0,18.0,3.0,2.0,12.0,20.0,6.0,5.0,11.0,14.0,0.0,1.0,0.966947,1.180706,A,1479.3801942180437,1521.62307440209,-42.24288018404627
12650964,4.478260869565219,6.85595353339787,1.19,0.0,5.040909090909092,7.022125603864734,1.9300000000000004,3.0,2024-11-23,86542,PS Barito Putera,86576,Persita Tangerang,0.0,2.0,56.0,44.0,398.0,342.0,336.0,276.0,24.0,7.0,40.0,32.0,15.0,19.0,9.0,3.0,12.0,4.0,13.0,2.0,13.0,7.0,0.0,1.0,1.175984,1.939439,A,1460.0600541099254,1512.1526063002425,-52.092552190317065
12650961,4.847826086956523,7.128722382324688,2.0700000000000003,0.0,4.543478260869566,6.999615754082614,1.46,1.0,2024-11-23,135866,Persik Kediri,189471,PSIS Semarang,0.0,1.0,58.0,42.0,371.0,227.0,305.0,170.0,26.0,12.0,44.0,29.0,7.0,15.0,4.0,3.0,11.0,10.0,7.0,1.0,13.0,18.0,2.0,2.0,2.062088,1.465867,A,1512.0127260353997,1430.4524232473632,81.56030278803655
12650972,4.085714285714286,7.111561264822134,1.69,2.0,4.739130434782608,6.907032755298652,1.3,0.0,2024-11-23,383891,Dewa United FC,64299,Bali United FC,1.0,0.0,49.0,51.0,254.0,279.0,194.0,221.0,22.0,23.0,38.0,41.0,9.0,15.0,3.0,2.0,7.0,7.0,6.0,3.0,16.0,22.0,2.0,5.0,1.6883759,1.305803,H,1488.393777201115,1546.1325971384213,-57.73881993730629
12650949,4.860869565217391,7.11908023483366,0.67,0.0,5.338888888888889,6.8709325396825385,0.26,0.0,2024-12-01,189471,PSIS Semarang,86066,Semen Padang FC,1.0,0.0,54.0,46.0,456.0,413.0,396.0,347.0,15.0,20.0,39.0,35.0,21.0,17.0,2.0,2.0,32.0,15.0,4.0,6.0,8.0,10.0,0.0,0.0,0.667391,0.2621,H,1448.9103772223582,1429.1517720445952,19.758605177763002
12650956,4.5260869565217385,7.01159844054581,2.3199999999999994,3.0,4.295454545454548,6.807964601769912,0.34,0.0,2024-12-01,64295,Persija Jakarta,135866,Persik Kediri,2.0,0.0,48.0,52.0,370.0,423.0,293.0,366.0,9.0,17.0,40.0,33.0,12.0,21.0,6.0,3.0,5.0,12.0,6.0,2.0,8.0,14.0,3.0,1.0,2.331815,0.342702,H,1524.0711926008455,1493.5547720604047,30.516420540440777
12651034,4.673913043478261,6.739333333333334,0.6700000000000002,2.0,4.334782608695652,7.157560975609757,2.18,5.0,2024-12-02,266861,PSBS Biak,491968,Malut United FC,1.0,3.0,65.0,35.0,517.0,234.0,425.0,177.0,20.0,22.0,37.0,35.0,14.0,26.0,6.0,2.0,3.0,28.0,8.0,3.0,12.0,2.0,1.0,1.0,0.6594171,2.1873500000000003,A,1534.8082366901547,1499.362122296272,35.44611439388268
12650951,4.9,6.816728624535315,0.69,1.0,4.673913043478261,6.769244935543278,0.32,0.0,2024-12-02,135864,PSM Makassar,189945,Borneo FC Samarinda,1.0,0.0,30.0,70.0,182.0,504.0,117.0,433.0,6.0,11.0,32.0,35.0,25.0,11.0,0.0,5.0,16.0,8.0,5.0,6.0,7.0,15.0,2.0,4.0,0.69093,0.328653,H,1519.4437420023924,1543.3714242768028,-23.927682274410472
12650954,4.6130434782608685,6.653537284894837,0.55,1.0,5.179999999999999,6.964728682170543,1.14,3.0,2024-12-02,86578,Madura United FC,76319,Persebaya Surabaya,1.0,2.0,56.0,44.0,272.0,228.0,221.0,166.0,15.0,26.0,39.0,39.0,14.0,16.0,1.0,3.0,22.0,14.0,6.0,5.0,11.0,14.0,0.0,2.0,0.553097,1.13133,A,1439.7169442711233,1572.395804518275,-132.67886024715176
12650960,5.180952380952381,7.218997107039538,3.31,5.0,4.547826086956523,6.59530201342282,0.6100000000000001,0.0,2024-12-03,47465,Arema FC,86576,Persita Tangerang,3.0,0.0,51.0,49.0,367.0,345.0,307.0,269.0,19.0,16.0,45.0,37.0,20.0,16.0,5.0,1.0,15.0,12.0,9.0,5.0,17.0,11.0,1.0,0.0,3.3164289999999994,0.6125343,H,1528.4341906572377,1524.9202927341444,3.513897923093282
12650957,4.738095238095239,7.224586977648203,2.4900000000000007,3.0,5.56,7.0412098298676735,2.0899999999999994,2.0,2024-12-03,383891,Dewa United FC,204733,PSS Sleman,2.0,1.0,58.0,42.0,495.0,334.0,447.0,276.0,17.0,16.0,41.0,38.0,7.0,13.0,2.0,4.0,16.0,18.0,6.0,9.0,7.0,12.0,0.0,1.0,2.4954020000000003,2.079858,H,1505.863864833261,1466.195031929979,39.66883290328201
12650968,4.469565217391304,6.962426614481409,0.93,0.0,4.721739130434782,6.864654333008764,0.09,0.0,2024-12-03,200020,Persis Solo,86542,PS Barito Putera,0.0,0.0,52.0,48.0,389.0,335.0,308.0,258.0,24.0,14.0,38.0,36.0,15.0,19.0,7.0,1.0,10.0,17.0,7.0,1.0,18.0,13.0,1.0,3.0,0.932631,0.091375,D,1416.46694976683,1447.2923676760236,-30.825417909193447
12657511,4.552173913043478,7.05141187925998,1.59,2.0,4.647826086956524,6.84384093113482,0.22,0.0,2024-12-06,135866,Persik Kediri,86578,Madura United FC,1.0,0.0,52.0,48.0,407.0,368.0,312.0,289.0,17.0,12.0,38.0,34.0,13.0,24.0,5.0,2.0,6.0,25.0,5.0,1.0,16.0,11.0,2.0,3.0,1.57773,0.208159,H,1479.868894229732,1430.1820356163228,49.686858613409186
12657510,4.604761904761904,6.9257874015748015,2.66,0.0,4.921739130434782,7.110475266731328,0.45,2.0,2024-12-06,86066,Semen Padang FC,64295,Persija Jakarta,0.0,1.0,46.0,54.0,310.0,471.0,249.0,403.0,23.0,13.0,48.0,38.0,17.0,17.0,3.0,2.0,21.0,30.0,6.0,4.0,9.0,9.0,3.0,0.0,2.6563700000000003,0.453837,A,1415.0039011543947,1537.7570704315183,-122.75316927712356
12657512,4.582608695652176,7.063819577735125,1.91,0.0,4.611111111111112,6.825098425196851,0.37,0.0,2024-12-06,189945,Borneo FC Samarinda,189471,PSIS Semarang,0.0,0.0,64.0,36.0,460.0,242.0,392.0,177.0,24.0,9.0,35.0,43.0,12.0,10.0,0.0,1.0,24.0,14.0,12.0,7.0,15.0,7.0,2.0,5.0,1.90541,0.372386,D,1527.3400133357568,1463.0582481125587,64.28176522319814
12657508,4.143478260869566,6.87253937007874,0.75,2.0,4.471428571428571,6.778212851405622,0.91,2.0,2024-12-07,491968,Malut United FC,383891,Dewa United FC,1.0,1.0,44.0,56.0,335.0,428.0,258.0,357.0,15.0,10.0,37.0,30.0,11.0,13.0,2.0,1.0,4.0,10.0,8.0,3.0,11.0,7.0,4.0,0.0,0.749949,0.91014,D,1515.8871665904753,1519.158627141389,-3.2714605509136163
12657509,4.247619047619048,6.893669634025716,1.89,5.0,4.28695652173913,6.601725790987536,1.35,1.0,2024-12-07,76319,Persebaya Surabaya,47465,Arema FC,3.0,2.0,35.0,65.0,137.0,295.0,91.0,252.0,9.0,14.0,38.0,35.0,10.0,16.0,4.0,4.0,15.0,7.0,1.0,5.0,18.0,21.0,0.0,2.0,1.89198,1.3509909,H,1581.9307131730757,1543.2824886613928,38.64822451168288
12657507,4.7043478260869565,6.756172248803828,1.15,2.0,4.530434782608696,7.0034782608695645,2.11,2.0,2024-12-07,64299,Bali United FC,135864,PSM Makassar,1.0,1.0,50.0,50.0,258.0,213.0,182.0,147.0,23.0,21.0,40.0,38.0,7.0,21.0,4.0,2.0,19.0,33.0,7.0,4.0,11.0,10.0,1.0,0.0,1.138887,2.1071,D,1528.6625095062752,1535.4751529434384,-6.81264343716316
12657506,4.269565217391303,6.408011583011583,1.08,0.0,5.371428571428572,7.061405197305101,1.6700000000000004,6.0,2024-12-08,86542,PS Barito Putera,266861,PSBS Biak,0.0,3.0,57.0,43.0,476.0,332.0,415.0,274.0,12.0,17.0,35.0,36.0,14.0,16.0,1.0,1.0,6.0,15.0,3.0,2.0,12.0,13.0,1.0,1.0,1.079189,1.665972,A,1445.9650084435252,1518.2831923959513,-72.31818395242612
12657505,4.556521739130436,7.075192307692308,1.35,3.0,4.918181818181818,6.819825072886298,1.63,0.0,2024-12-08,86576,Persita Tangerang,200020,Persis Solo,2.0,0.0,55.0,45.0,342.0,308.0,300.0,257.0,12.0,23.0,34.0,45.0,14.0,5.0,1.0,6.0,20.0,16.0,2.0,6.0,9.0,15.0,4.0,0.0,1.3483250000000002,1.6317750000000002,H,1510.0719947299892,1417.7943089993285,92.27768573066078
12657504,4.573913043478262,6.604281636536632,1.8300000000000003,2.0,4.757142857142858,7.10739299610895,0.94,4.0,2024-12-09,204733,PSS Sleman,64289,Persib Bandung,1.0,2.0,47.0,53.0,221.0,302.0,182.0,258.0,13.0,17.0,39.0,48.0,12.0,9.0,6.0,2.0,9.0,9.0,6.0,4.0,22.0,15.0,1.0,2.0,1.843943,0.9377571,A,1452.900269621851,1577.3784049130247,-124.47813529117366
12657503,4.126086956521739,6.810763209393347,0.4599999999999999,0.0,4.999999999999999,6.952527254707631,1.19,2.0,2024-12-10,86578,Madura United FC,86066,Semen Padang FC,0.0,1.0,62.0,38.0,362.0,211.0,301.0,147.0,37.0,24.0,36.0,40.0,12.0,8.0,5.0,2.0,11.0,17.0,5.0,4.0,16.0,18.0,7.0,3.0,0.450339,1.194131,A,1417.3126842086308,1405.0935442042687,12.219140004362089
12657500,4.55,6.7990128331688044,1.08,2.0,4.8181818181818175,7.121785028790788,1.6800000000000002,2.0,2024-12-10,64295,Persija Jakarta,189945,Borneo FC Samarinda,1.0,1.0,33.0,67.0,262.0,532.0,205.0,458.0,9.0,16.0,31.0,44.0,24.0,8.0,2.0,5.0,31.0,11.0,1.0,7.0,8.0,10.0,5.0,1.0,1.08085,1.6712565999999998,D,1547.6674273816443,1524.5959860194757,23.07144136216857
12657501,5.584999999999999,7.087826086956523,2.33,5.0,4.6913043478260885,6.76252427184466,1.68,2.0,2024-12-11,76319,Persebaya Surabaya,135866,Persik Kediri,4.0,1.0,34.0,66.0,223.0,447.0,158.0,373.0,18.0,32.0,36.0,41.0,19.0,25.0,4.0,7.0,33.0,17.0,6.0,9.0,10.0,5.0,1.0,0.0,2.334493,1.6696101,H,1595.2689836315224,1492.738245637424,102.53073799409844
12657499,4.640909090909092,6.887342995169082,1.13,3.0,4.134782608695652,6.739088263821532,1.99,1.0,2024-12-11,189471,PSIS Semarang,64299,Bali United FC,2.0,1.0,47.0,53.0,223.0,266.0,173.0,197.0,8.0,22.0,40.0,38.0,13.0,4.0,3.0,2.0,23.0,19.0,12.0,9.0,16.0,19.0,0.0,1.0,1.1321793,1.9763793,H,1465.8022754288397,1528.9565972765924,-63.154321847752726
12657502,4.391304347826089,6.785546875,1.32,1.0,4.35217391304348,7.228,1.6800000000000002,5.0,2024-12-12,266861,PSBS Biak,86576,Persita Tangerang,1.0,3.0,48.0,52.0,405.0,415.0,339.0,373.0,28.0,13.0,40.0,34.0,9.0,13.0,3.0,2.0,9.0,31.0,6.0,1.0,14.0,6.0,0.0,0.0,1.3206766,1.683341,A,1530.2052884184488,1521.179154799592,9.026133618856875
12657498,4.469565217391304,6.926982591876209,1.49,2.0,4.62857142857143,6.917487922705313,1.33,0.0,2024-12-12,47465,Arema FC,200020,Persis Solo,1.0,1.0,48.0,52.0,341.0,360.0,270.0,278.0,25.0,22.0,40.0,40.0,19.0,21.0,5.0,5.0,13.0,19.0,1.0,4.0,24.0,12.0,1.0,0.0,1.493499,1.3313334,D,1529.944218202946,1406.6871489297257,123.2570692732204
12657496,4.195238095238096,6.85693215339233,1.51,2.0,4.743478260869566,6.851830985915494,1.59,1.0,2024-12-12,383891,Dewa United FC,86542,PS Barito Putera,1.0,1.0,63.0,37.0,534.0,288.0,468.0,232.0,11.0,11.0,37.0,40.0,9.0,18.0,3.0,3.0,12.0,17.0,8.0,8.0,9.0,13.0,0.0,1.0,1.501208,1.602749,D,1519.0173910098645,1434.0429124210277,84.97447858883675
12657497,4.486956521739132,6.858221797323136,1.24,2.0,5.51578947368421,7.02326923076923,1.7900000000000005,2.0,2024-12-13,135864,PSM Makassar,204733,PSS Sleman,1.0,1.0,38.0,62.0,245.0,438.0,173.0,355.0,15.0,17.0,34.0,40.0,17.0,8.0,3.0,1.0,23.0,19.0,5.0,13.0,7.0,11.0,1.0,2.0,1.2364129999999998,1.780542,D,1535.1810651731212,1443.0556999522807,92.12536522084042
12657495,4.915000000000001,7.0531669865643,1.03,4.0,4.743478260869565,6.794952380952381,0.99,0.0,2024-12-13,64289,Persib Bandung,491968,Malut United FC,2.0,0.0,51.0,49.0,392.0,344.0,320.0,285.0,16.0,16.0,42.0,42.0,8.0,22.0,4.0,5.0,16.0,23.0,9.0,7.0,8.0,11.0,0.0,1.0,1.0131139999999998,0.986604,H,1587.222974582595,1516.0284027219998,71.19457186059526
12657494,5.263636363636364,7.37135922330097,2.84,8.0,4.495652173913043,6.494271844660196,1.8100000000000005,0.0,2024-12-14,189945,Borneo FC Samarinda,86578,Madura United FC,5.0,0.0,48.0,52.0,404.0,421.0,335.0,350.0,8.0,25.0,32.0,45.0,17.0,16.0,0.0,7.0,26.0,10.0,1.0,6.0,17.0,12.0,5.0,0.0,2.8441300000000003,1.81256,H,1525.5905986883633,1401.7853589255299,123.80523976283348
12657493,4.181818181818183,7.086779324055666,1.33,0.0,4.723809523809525,7.236427850655901,1.53,0.0,2024-12-15,86066,Semen Padang FC,76319,Persebaya Surabaya,0.0,0.0,48.0,52.0,355.0,356.0,294.0,296.0,16.0,23.0,34.0,42.0,16.0,15.0,2.0,1.0,13.0,15.0,6.0,5.0,10.0,7.0,0.0,0.0,1.32177,1.53898,D,1420.6208694873696,1605.9665536979526,-185.34568421058293
12657489,4.830434782608696,6.991401869158878,1.5,5.0,4.809090909090908,6.634283088235296,0.63,2.0,2024-12-15,64299,Bali United FC,64295,Persija Jakarta,3.0,1.0,41.0,59.0,224.0,374.0,177.0,316.0,19.0,13.0,37.0,37.0,11.0,10.0,2.0,2.0,21.0,18.0,7.0,8.0,18.0,14.0,1.0,0.0,1.5063920000000002,0.630763,H,1511.259644439735,1546.6728147127567,-35.413170273021706
12657492,4.821739130434782,6.963540669856461,1.62,1.0,4.618181818181816,6.754580520732883,0.51,0.0,2024-12-16,135866,Persik Kediri,47465,Arema FC,1.0,0.0,55.0,45.0,297.0,239.0,230.0,171.0,23.0,14.0,33.0,41.0,12.0,17.0,5.0,3.0,29.0,20.0,7.0,3.0,18.0,13.0,1.0,2.0,1.614236,0.507231,H,1482.0406755709937,1524.835334210617,-42.79465863962332
12657490,4.565217391304349,6.598403193612774,0.47,0.0,5.15,7.61689587426326,3.85,7.0,2024-12-16,86576,Persita Tangerang,383891,Dewa United FC,0.0,4.0,43.0,57.0,337.0,454.0,278.0,388.0,8.0,16.0,33.0,43.0,27.0,14.0,2.0,5.0,7.0,5.0,4.0,8.0,13.0,16.0,1.0,0.0,0.464238,3.844923,A,1536.568756666441,1515.4201887002926,21.14856796614845
12657488,4.286956521739131,6.782190378710338,0.25,2.0,5.39,6.7166509877704605,2.21,1.0,2024-12-16,200020,Persis Solo,266861,PSBS Biak,1.0,1.0,38.0,62.0,251.0,462.0,199.0,387.0,18.0,18.0,38.0,38.0,22.0,5.0,0.0,2.0,11.0,1.0,3.0,6.0,7.0,20.0,0.0,1.0,0.2457722,2.210736,D,1411.7960329220548,1514.8156865515998,-103.01965362954502
12657491,4.426086956521738,6.848841698841699,0.99,2.0,3.795652173913044,6.639414634146342,1.3299999999999998,4.0,2024-12-17,491968,Malut United FC,135864,PSM Makassar,2.0,2.0,60.0,40.0,323.0,285.0,247.0,205.0,19.0,14.0,37.0,35.0,21.0,11.0,0.0,3.0,32.0,13.0,5.0,4.0,6.0,13.0,0.0,0.0,1.0053439999999998,1.34439,D,1504.0598082666882,1531.29435922464,-27.234550957951797
12657487,5.5,7.162340216322518,1.1800000000000002,3.0,5.5368421052631565,6.605120772946861,0.83,2.0,2024-12-17,204733,PSS Sleman,189471,PSIS Semarang,2.0,1.0,60.0,40.0,423.0,289.0,357.0,220.0,20.0,12.0,43.0,28.0,13.0,16.0,5.0,4.0,11.0,18.0,8.0,6.0,15.0,13.0,3.0,0.0,1.1824959,0.822197,H,1446.942405900762,1483.4992282656972,-36.556822364935215
12657485,4.069565217391304,6.736487804878049,0.44,1.0,4.6090909090909085,6.837998056365405,1.7699999999999998,3.0,2024-12-18,86542,PS Barito Putera,64289,Persib Bandung,1.0,2.0,56.0,44.0,402.0,309.0,350.0,262.0,18.0,10.0,42.0,30.0,9.0,18.0,3.0,1.0,11.0,12.0,2.0,5.0,7.0,8.0,0.0,4.0,0.4420559,1.7738300000000002,A,1437.6401147305996,1599.1915690379067,-161.55145430730704
12657486,3.6391304347826106,6.967196819085487,2.13,3.0,4.3826086956521735,6.693853658536585,1.21,2.0,2024-12-20,86578,Madura United FC,64299,Bali United FC,2.0,1.0,48.0,52.0,294.0,384.0,238.0,306.0,9.0,11.0,35.0,31.0,18.0,16.0,2.0,4.0,35.0,7.0,1.0,5.0,14.0,16.0,0.0,1.0,2.13612,1.2233639999999997,H,1391.9151527084266,1527.7832811103717,-135.8681284019451
12657483,5.084210526315789,6.968822393822394,0.58,3.0,4.890909090909091,6.8024557956778,0.6300000000000001,2.0,2024-12-20,76319,Persebaya Surabaya,189945,Borneo FC Samarinda,2.0,1.0,40.0,60.0,278.0,426.0,215.0,359.0,13.0,23.0,35.0,35.0,19.0,11.0,3.0,3.0,19.0,15.0,2.0,5.0,6.0,11.0,1.0,0.0,0.5914926,0.6330039999999999,H,1598.646142683293,1535.4608049054666,63.18533777782636
12657484,5.140909090909091,7.217304015296366,1.92,5.0,5.338888888888889,6.424229979466119,0.24,2.0,2024-12-21,135866,Persik Kediri,86066,Semen Padang FC,3.0,1.0,72.0,28.0,474.0,171.0,411.0,109.0,19.0,13.0,43.0,36.0,12.0,11.0,5.0,1.0,8.0,10.0,9.0,2.0,9.0,15.0,0.0,0.0,1.93388,0.2372699999999999,H,1498.8789822262197,1427.9412805020293,70.93770172419045
12657482,4.959090909090908,6.898503274087933,1.7599999999999998,3.0,5.385000000000002,6.756822429906542,1.41,4.0,2024-12-21,47465,Arema FC,266861,PSBS Biak,3.0,2.0,46.0,54.0,259.0,329.0,206.0,259.0,27.0,21.0,33.0,45.0,18.0,13.0,2.0,2.0,23.0,21.0,4.0,5.0,13.0,14.0,0.0,2.0,1.7553649999999998,1.417811,H,1507.997027555391,1510.4938928465724,-2.4968652911813933
12657481,5.281818181818182,7.433425160697887,3.25,4.0,5.205000000000001,6.519178082191781,1.97,2.0,2024-12-21,64295,Persija Jakarta,204733,PSS Sleman,3.0,1.0,70.0,30.0,480.0,222.0,422.0,168.0,22.0,10.0,49.0,29.0,10.0,17.0,5.0,2.0,9.0,26.0,6.0,4.0,9.0,9.0,0.0,1.0,3.231203,1.972094,H,1530.14917804212,1463.514892053824,66.63428598829591
12657478,4.613636363636363,7.221632251720747,2.26,3.0,5.395,6.814685990338164,0.53,0.0,2024-12-21,383891,Dewa United FC,200020,Persis Solo,2.0,0.0,58.0,42.0,455.0,357.0,372.0,288.0,22.0,23.0,44.0,33.0,15.0,28.0,4.0,3.0,5.0,14.0,5.0,3.0,11.0,11.0,3.0,1.0,2.262404,0.5355675,H,1531.3321197534763,1416.1178266270822,115.21429312639407
12657477,4.247826086956521,7.0180136319376825,1.86,3.0,4.52608695652174,6.466048780487805,0.42,2.0,2024-12-22,64289,Persib Bandung,86576,Persita Tangerang,3.0,1.0,55.0,45.0,422.0,288.0,371.0,248.0,17.0,10.0,38.0,39.0,3.0,17.0,5.0,2.0,4.0,18.0,15.0,3.0,8.0,5.0,1.0,0.0,1.8485806,0.419112,H,1607.6795239467679,1520.6568256132573,87.02269833351056
12657479,4.227272727272728,6.594134897360704,0.78,2.0,4.817391304347825,6.953346080305926,1.99,4.0,2024-12-22,189471,PSIS Semarang,491968,Malut United FC,1.0,3.0,60.0,40.0,459.0,347.0,377.0,284.0,22.0,13.0,42.0,34.0,12.0,14.0,5.0,2.0,14.0,18.0,5.0,7.0,10.0,11.0,0.0,1.0,0.7758359999999997,1.981934,A,1466.926742112635,1505.23321596898,-38.30647385634484
12657480,4.209090909090909,7.187647058823528,2.35,5.0,4.060869565217392,6.645107632093934,2.43,2.0,2024-12-22,135864,PSM Makassar,86542,PS Barito Putera,3.0,2.0,52.0,48.0,358.0,307.0,297.0,244.0,12.0,13.0,38.0,40.0,17.0,20.0,5.0,4.0,9.0,20.0,3.0,2.0,9.0,9.0,0.0,2.0,2.338067,2.424218,H,1530.1209515223482,1429.1521598217385,100.9687917006097
12657476,4.491304347826088,6.924282982791588,1.2500000000000002,2.0,4.995454545454545,6.9365439093484405,1.63,3.0,2024-12-27,86066,Semen Padang FC,47465,Arema FC,1.0,2.0,51.0,49.0,368.0,324.0,304.0,274.0,28.0,19.0,43.0,38.0,18.0,15.0,4.0,2.0,14.0,16.0,9.0,1.0,7.0,11.0,0.0,2.0,1.253659,1.6332639999999998,A,1415.9620474191083,1523.1048240395994,-107.14277662049108
12657475,4.413043478260868,6.449193548387097,1.5099999999999998,0.0,5.145454545454545,7.1993383742911154,1.16,6.0,2024-12-27,189945,Borneo FC Samarinda,135866,Persik Kediri,0.0,4.0,57.0,43.0,371.0,269.0,305.0,213.0,17.0,18.0,35.0,41.0,10.0,17.0,3.0,1.0,8.0,19.0,7.0,3.0,12.0,9.0,3.0,1.0,1.505391,1.1705451999999998,A,1523.159053499021,1510.8582153091406,12.300838189880324
12657474,4.873913043478261,7.134440227703984,1.7300000000000002,7.0,4.58695652173913,6.5990467111534805,1.49,0.0,2024-12-27,204733,PSS Sleman,86578,Madura United FC,4.0,0.0,32.0,68.0,221.0,443.0,182.0,390.0,13.0,17.0,33.0,49.0,14.0,12.0,0.0,5.0,7.0,8.0,1.0,3.0,26.0,10.0,1.0,2.0,1.71972,1.500754,H,1451.3569639625302,1412.4992568060522,38.857707156478
12657472,4.791304347826087,6.883796740172579,0.8900000000000001,0.0,4.868181818181817,6.765263157894736,0.19,1.0,2024-12-28,491968,Malut United FC,64295,Persija Jakarta,0.0,1.0,59.0,41.0,368.0,300.0,304.0,239.0,33.0,8.0,49.0,35.0,4.0,8.0,6.0,1.0,6.0,27.0,11.0,4.0,15.0,17.0,1.0,2.0,0.8863575000000001,0.19737,A,1518.5860614952994,1542.3071061334138,-23.721044638114336
12657473,4.921739130434784,7.16370582617001,2.18,4.0,4.681818181818183,6.883365570599612,1.62,2.0,2024-12-28,266861,PSBS Biak,383891,Dewa United FC,3.0,1.0,36.0,64.0,272.0,493.0,199.0,418.0,24.0,22.0,33.0,44.0,23.0,16.0,0.0,6.0,27.0,11.0,1.0,12.0,16.0,7.0,0.0,1.0,2.184839,1.6334609999999998,H,1495.386096362364,1541.5325737158394,-46.14647735347535
12657471,4.513043478260869,7.0312315270935954,1.35,2.0,5.049999999999999,6.791025641025641,0.93,0.0,2024-12-28,64299,Bali United FC,76319,Persebaya Surabaya,2.0,0.0,45.0,55.0,260.0,284.0,200.0,223.0,14.0,21.0,33.0,42.0,9.0,8.0,2.0,2.0,22.0,14.0,7.0,11.0,22.0,12.0,1.0,0.0,1.343507,0.9295029,H,1507.199177012746,1610.9478940897386,-103.74871707699253
12657468,5.031818181818182,6.964181994191676,1.1,4.0,4.778260869565218,6.907872539831304,2.4599999999999995,1.0,2024-12-29,86576,Persita Tangerang,135864,PSM Makassar,2.0,1.0,46.0,54.0,259.0,362.0,210.0,277.0,14.0,24.0,40.0,36.0,16.0,10.0,2.0,5.0,33.0,8.0,1.0,12.0,6.0,12.0,0.0,0.0,1.104462,2.4519746,H,1509.337252471166,1540.8804878237327,-31.543235352566626
12657470,4.178260869565218,6.902737047898338,1.14,0.0,4.256521739130435,6.966764132553608,1.77,2.0,2024-12-29,200020,Persis Solo,64289,Persib Bandung,0.0,1.0,48.0,52.0,312.0,324.0,251.0,250.0,14.0,12.0,42.0,38.0,14.0,14.0,4.0,1.0,10.0,18.0,8.0,8.0,11.0,18.0,2.0,0.0,1.140096,1.77471,A,1405.917372664719,1618.9990970888591,-213.08172442414002
12657469,4.260869565217392,7.03615763546798,1.68,0.0,5.394444444444443,6.993694581280788,0.4599999999999999,0.0,2024-12-29,86542,PS Barito Putera,189471,PSIS Semarang,0.0,0.0,61.0,39.0,516.0,293.0,456.0,235.0,16.0,7.0,36.0,42.0,10.0,14.0,3.0,3.0,11.0,9.0,7.0,3.0,20.0,3.0,4.0,0.0,1.6793976,0.4551128,D,1418.392623520354,1453.5738965863156,-35.181273065961705
13184021,4.665217391304347,6.78426013195099,1.29,2.0,4.509999999999999,6.957801766437684,0.73,2.0,2025-01-07,64299,Bali United FC,64289,Persib Bandung,1.0,1.0,42.0,58.0,190.0,332.0,138.0,271.0,10.0,8.0,32.0,40.0,10.0,12.0,1.0,3.0,29.0,11.0,3.0,6.0,17.0,3.0,0.0,0.0,1.287254,0.7360552,D,1526.5498165043366,1625.8024246167915,-99.25260811245494
12657467,4.77391304347826,6.904567541302233,0.98,0.0,3.8090909090909095,6.972609561752988,1.3,1.0,2025-01-10,491968,Malut United FC,86578,Madura United FC,0.0,1.0,58.0,42.0,422.0,264.0,335.0,203.0,22.0,21.0,42.0,38.0,12.0,16.0,2.0,2.0,3.0,31.0,9.0,4.0,14.0,11.0,1.0,0.0,0.987069,1.2985533,A,1504.6085929904434,1399.1699188477246,105.43867414271881
12657465,4.44782608695652,6.545045965270682,0.85,4.0,4.659090909090909,6.862992125984253,1.47,3.0,2025-01-10,86542,PS Barito Putera,64295,Persija Jakarta,2.0,3.0,35.0,65.0,287.0,598.0,237.0,542.0,7.0,5.0,31.0,28.0,13.0,3.0,2.0,2.0,7.0,8.0,2.0,2.0,7.0,15.0,0.0,1.0,0.857651,1.480863,A,1419.9063510116312,1556.2845746382698,-136.3782236266386
12657463,4.975,7.262007874015747,1.59,4.0,4.191304347826088,6.956015779092703,1.16,0.0,2025-01-11,383891,Dewa United FC,47465,Arema FC,2.0,0.0,54.0,46.0,519.0,406.0,459.0,343.0,15.0,24.0,40.0,40.0,12.0,18.0,2.0,1.0,16.0,4.0,5.0,5.0,6.0,11.0,4.0,4.0,1.588356,1.16412,H,1524.5519036053536,1533.620361724805,-9.068458119451407
12657464,4.817391304347825,7.097716460513795,0.76,5.0,5.0285714285714285,6.5840000000000005,1.7200000000000002,1.0,2025-01-11,204733,PSS Sleman,76319,Persebaya Surabaya,3.0,1.0,42.0,58.0,239.0,341.0,201.0,292.0,22.0,20.0,38.0,36.0,12.0,4.0,2.0,5.0,22.0,5.0,1.0,5.0,14.0,16.0,1.0,1.0,0.7583383,1.71453,H,1464.6863019208579,1591.597254598148,-126.9109526772902
12657466,5.55,6.989349670122526,2.41,1.0,4.905263157894737,6.672935323383085,0.56,1.0,2025-01-11,266861,PSBS Biak,64289,Persib Bandung,1.0,1.0,52.0,48.0,432.0,321.0,363.0,272.0,23.0,9.0,45.0,31.0,23.0,16.0,8.0,3.0,6.0,17.0,8.0,1.0,8.0,7.0,2.0,0.0,2.401666,0.560825,D,1512.3667664728498,1621.630227886182,-109.26346141333215
12657461,4.904347826086956,7.213671128107074,1.32,4.0,5.583333333333333,6.665643564356435,1.14,1.0,2025-01-12,86576,Persita Tangerang,189471,PSIS Semarang,2.0,1.0,48.0,52.0,382.0,416.0,335.0,358.0,19.0,14.0,33.0,35.0,19.0,14.0,0.0,3.0,23.0,15.0,6.0,7.0,10.0,7.0,2.0,0.0,1.31045,1.1429030000000002,H,1525.695354034448,1452.0601690950384,73.63518493940956
12657460,4.913636363636363,6.7955109837631325,1.42,2.0,4.560869565217392,7.017799043062201,1.53,3.0,2025-01-12,64299,Bali United FC,135866,Persik Kediri,1.0,3.0,43.0,57.0,309.0,409.0,236.0,351.0,20.0,16.0,42.0,35.0,16.0,20.0,5.0,7.0,8.0,24.0,8.0,1.0,11.0,7.0,1.0,0.0,1.4258916,1.5244445,A,1530.7220132349462,1526.3890633980845,4.332949836861644
12657462,4.643478260869564,6.91157786885246,0.84,0.0,4.939130434782608,7.269731800766282,1.4600000000000002,2.0,2025-01-13,200020,Persis Solo,135864,PSM Makassar,0.0,1.0,49.0,51.0,282.0,303.0,214.0,233.0,8.0,22.0,43.0,35.0,6.0,11.0,1.0,7.0,30.0,17.0,2.0,14.0,10.0,12.0,1.0,0.0,0.853415,1.466368,A,1399.1140451367867,1524.5223862604507,-125.40834112366406
12657459,4.595652173913044,6.632267732267732,1.5,2.0,5.127272727272727,7.095004803073968,2.359999999999999,6.0,2025-01-14,189945,Borneo FC Samarinda,86066,Semen Padang FC,1.0,3.0,58.0,42.0,417.0,373.0,344.0,318.0,21.0,18.0,42.0,33.0,17.0,11.0,5.0,7.0,13.0,28.0,10.0,2.0,11.0,11.0,0.0,1.0,1.489519,2.367721,A,1507.628205410077,1405.4465097339028,102.18169567617429
12657458,4.2285714285714295,6.835593220338983,2.1699999999999995,0.0,4.230434782608696,7.039074803149606,1.82,1.0,2025-01-17,76319,Persebaya Surabaya,491968,Malut United FC,0.0,2.0,49.0,51.0,342.0,346.0,284.0,286.0,17.0,14.0,41.0,31.0,12.0,12.0,4.0,0.0,16.0,28.0,8.0,8.0,10.0,10.0,1.0,1.0,2.1761485,1.798075,A,1571.3494221860856,1485.191224704636,86.15819748144963
12657457,4.727272727272728,6.545217391304348,0.75,0.0,4.895000000000001,7.0380530973451325,1.0,3.0,2025-01-17,64289,Persib Bandung,383891,Dewa United FC,0.0,2.0,39.0,61.0,279.0,479.0,227.0,421.0,11.0,14.0,31.0,44.0,10.0,10.0,1.0,1.0,14.0,16.0,7.0,3.0,9.0,8.0,2.0,1.0,0.744462,0.993231,A,1617.0625445000558,1539.9433315292622,77.11921297079357
12657456,4.963636363636363,6.869019607843137,1.06,2.0,5.176190476190476,6.853756097560976,0.85,2.0,2025-01-18,135864,PSM Makassar,266861,PSBS Biak,1.0,1.0,52.0,48.0,322.0,309.0,241.0,235.0,17.0,19.0,33.0,40.0,19.0,19.0,4.0,3.0,3.0,28.0,5.0,3.0,9.0,10.0,1.0,1.0,1.062932,0.85491,D,1534.3315723456112,1516.934449858976,17.397122486635226
12657455,4.260869565217392,6.547775628626692,1.1900000000000002,3.0,4.804347826086957,7.0654545454545445,1.24,7.0,2025-01-18,86578,Madura United FC,86542,PS Barito Putera,2.0,4.0,59.0,41.0,479.0,313.0,424.0,265.0,17.0,18.0,39.0,37.0,11.0,24.0,2.0,0.0,12.0,19.0,2.0,4.0,8.0,15.0,0.0,1.0,1.204434,1.2470439,A,1418.587287133532,1410.5094152563713,8.07787187716076
12657454,4.5434782608695645,7.063776493256261,0.47,0.0,5.209523809523809,6.878686964795432,1.25,0.0,2025-01-19,135866,Persik Kediri,204733,PSS Sleman,0.0,0.0,56.0,44.0,258.0,223.0,171.0,149.0,28.0,10.0,43.0,33.0,20.0,22.0,0.0,2.0,16.0,27.0,1.0,6.0,17.0,19.0,3.0,0.0,0.4798189,1.2428210000000002,D,1541.5761221822647,1484.9341343329204,56.64198784934433
12657453,4.95,7.406967615309126,2.9600000000000004,6.0,4.621739130434782,6.681666666666666,1.13,1.0,2025-01-19,189945,Borneo FC Samarinda,47465,Arema FC,3.0,1.0,49.0,51.0,345.0,356.0,288.0,293.0,19.0,21.0,41.0,41.0,18.0,13.0,4.0,1.0,27.0,15.0,2.0,5.0,14.0,7.0,3.0,2.0,2.95217,1.12779,H,1488.3396090590925,1518.2289338008964,-29.889324741803875
12657452,5.376190476190476,7.163239573229873,2.11,4.0,4.243478260869565,6.44907677356657,1.24,0.0,2025-01-19,64295,Persija Jakarta,86576,Persita Tangerang,2.0,0.0,58.0,42.0,462.0,307.0,400.0,253.0,14.0,9.0,30.0,44.0,20.0,6.0,5.0,1.0,11.0,13.0,6.0,5.0,14.0,2.0,1.0,1.0,2.1014422,1.2388199999999998,H,1565.6815103935296,1537.56302718122,28.118483212309684
12657451,4.236363636363636,6.214315352697096,1.75,1.0,4.634782608695651,7.19235912129895,2.71,8.0,2025-01-20,86066,Semen Padang FC,64299,Bali United FC,1.0,5.0,48.0,52.0,257.0,319.0,214.0,265.0,15.0,25.0,37.0,35.0,11.0,5.0,4.0,1.0,15.0,18.0,6.0,5.0,9.0,18.0,0.0,3.0,1.748775,2.7072899999999995,A,1424.7351060848873,1515.534954450766,-90.79984836587869
12657450,4.313043478260869,6.545488372093024,1.1,2.0,5.054545454545456,6.9986388384755,2.07,2.0,2025-01-20,189471,PSIS Semarang,200020,Persis Solo,1.0,2.0,52.0,48.0,319.0,316.0,218.0,215.0,27.0,15.0,40.0,38.0,23.0,29.0,1.0,0.0,15.0,24.0,5.0,3.0,17.0,26.0,3.0,3.0,1.0974545,2.06617,A,1440.1924959482665,1389.3048590516262,50.88763689664029
12657447,4.4173913043478255,6.845339805825243,1.28,2.0,4.191304347826088,6.9125490196078445,2.2,1.0,2025-01-24,86576,Persita Tangerang,86578,Madura United FC,1.0,1.0,49.0,51.0,384.0,335.0,328.0,289.0,6.0,17.0,36.0,41.0,12.0,13.0,6.0,10.0,12.0,17.0,2.0,4.0,10.0,23.0,3.0,0.0,1.2854034,2.191841,D,1523.7743561429763,1403.2386001970701,120.5357559459062
12657448,4.639130434782609,6.657115568290353,1.73,2.0,5.195238095238095,6.840344168260038,1.2399999999999998,4.0,2025-01-24,47465,Arema FC,64289,Persib Bandung,1.0,3.0,53.0,47.0,397.0,352.0,330.0,287.0,15.0,13.0,43.0,40.0,17.0,14.0,6.0,3.0,16.0,16.0,4.0,5.0,7.0,15.0,2.0,2.0,1.7171231,1.24015,A,1501.9416819559935,1598.7866646718674,-96.84498271587381
12657449,4.1173913043478265,6.7829766536964975,2.91,2.0,4.831818181818182,6.694230769230769,1.18,1.0,2025-01-25,491968,Malut United FC,135866,Persik Kediri,2.0,1.0,53.0,47.0,394.0,309.0,329.0,246.0,18.0,14.0,38.0,36.0,8.0,15.0,5.0,3.0,10.0,9.0,3.0,0.0,15.0,11.0,1.0,1.0,2.907185,1.1814304,H,1503.8365536697818,1539.152128305729,-35.315574635947314
12657446,5.0260869565217385,7.3825,2.1299999999999994,6.0,4.985714285714286,7.046250000000001,1.04,0.0,2025-01-25,86542,PS Barito Putera,76319,Persebaya Surabaya,3.0,0.0,42.0,58.0,309.0,398.0,257.0,342.0,14.0,34.0,28.0,44.0,12.0,16.0,3.0,4.0,14.0,13.0,4.0,5.0,11.0,13.0,2.0,1.0,2.125686,1.051071,H,1425.8581021928333,1552.7040932209397,-126.84599102810648
12657445,4.819047619047619,6.758117195004802,1.12,2.0,5.849999999999999,6.996449136276392,1.26,4.0,2025-01-26,266861,PSBS Biak,189471,PSIS Semarang,1.0,3.0,61.0,39.0,448.0,293.0,373.0,230.0,24.0,18.0,42.0,36.0,12.0,20.0,7.0,2.0,2.0,20.0,7.0,0.0,12.0,9.0,0.0,1.0,1.129869,1.2641202,A,1517.6849169028826,1423.0110766906466,94.67384021223597
12657444,4.656521739130436,6.693831775700935,3.88,3.0,4.695,6.970905587668593,1.27,6.0,2025-01-26,204733,PSS Sleman,86066,Semen Padang FC,2.0,4.0,43.0,57.0,338.0,414.0,279.0,348.0,11.0,13.0,39.0,33.0,9.0,18.0,4.0,1.0,10.0,8.0,5.0,7.0,4.0,9.0,0.0,1.0,3.900954,1.27156,A,1487.358128209456,1413.5683745312538,73.78975367820226
12657443,4.1090909090909085,6.965148514851485,1.5799999999999998,6.0,4.36,6.7637755102040815,0.82,6.0,2025-01-26,200020,Persis Solo,64295,Persija Jakarta,3.0,3.0,50.0,50.0,291.0,322.0,243.0,266.0,18.0,8.0,41.0,32.0,13.0,14.0,3.0,0.0,23.0,17.0,1.0,8.0,8.0,17.0,1.0,1.0,1.5783036999999998,0.82398,D,1406.486278309246,1579.4701814317732,-172.98390312252718
12657441,4.69,7.24295566502463,3.45,6.0,4.5434782608695645,6.5200000000000005,1.03,2.0,2025-01-27,383891,Dewa United FC,135864,PSM Makassar,3.0,2.0,68.0,32.0,585.0,246.0,509.0,180.0,28.0,10.0,48.0,28.0,11.0,21.0,7.0,0.0,5.0,17.0,9.0,0.0,9.0,10.0,1.0,0.0,3.46386,1.03109,H,1558.2192113574506,1533.5811053017046,24.638106055745993
12657442,4.490476190476191,6.736238981390793,2.84,5.0,4.32857142857143,6.472983870967742,1.38,2.0,2025-01-28,64299,Bali United FC,189945,Borneo FC Samarinda,3.0,2.0,35.0,65.0,205.0,345.0,144.0,279.0,12.0,10.0,35.0,34.0,12.0,7.0,0.0,1.0,21.0,9.0,3.0,2.0,13.0,12.0,2.0,0.0,2.83786,1.382264,H,1526.7016860043996,1504.6268609039953,22.07482510040427
12657440,5.295238095238094,7.035023923444976,1.3400000000000003,1.0,4.604347826086957,6.665872259294566,0.31,2.0,2025-01-31,135866,Persik Kediri,86542,PS Barito Putera,1.0,1.0,54.0,46.0,314.0,240.0,237.0,171.0,31.0,8.0,43.0,36.0,13.0,16.0,4.0,2.0,8.0,10.0,3.0,6.0,13.0,12.0,4.0,2.0,1.3507691,0.305985,D,1522.6326618225203,1446.1034731063542,76.52918871616612
12657439,5.314285714285713,6.964003849855631,1.4,0.0,4.430434782608697,6.854299516908212,0.5,2.0,2025-01-31,76319,Persebaya Surabaya,86576,Persita Tangerang,1.0,1.0,52.0,48.0,405.0,394.0,326.0,330.0,26.0,7.0,45.0,30.0,16.0,29.0,5.0,1.0,7.0,30.0,9.0,3.0,10.0,8.0,1.0,2.0,1.405617,0.503142,D,1532.4587223074188,1518.7696073305274,13.68911497689146
12657438,4.722727272727272,6.923777564717161,2.29,3.0,4.813636363636364,6.700477099236641,0.42,0.0,2025-02-01,86578,Madura United FC,200020,Persis Solo,2.0,0.0,42.0,58.0,276.0,362.0,210.0,279.0,11.0,24.0,34.0,34.0,22.0,13.0,2.0,2.0,17.0,6.0,2.0,3.0,12.0,22.0,0.0,2.0,2.29857,0.428496,H,1408.243349009519,1413.393093105531,-5.149744096012
12657436,4.578260869565217,7.1161100196463645,1.29,2.0,4.695652173913044,6.770428015564201,0.7,0.0,2025-02-01,64289,Persib Bandung,135864,PSM Makassar,1.0,0.0,63.0,37.0,510.0,278.0,439.0,218.0,14.0,9.0,38.0,36.0,4.0,16.0,2.0,1.0,11.0,16.0,3.0,7.0,3.0,6.0,1.0,0.0,1.296039,0.69846,H,1609.7105553595816,1519.6430383531551,90.06751700642644
12657435,4.871428571428571,6.837927844588344,1.75,4.0,4.8090909090909095,6.701438159156281,0.53,3.0,2025-02-02,64295,Persija Jakarta,266861,PSBS Biak,2.0,2.0,62.0,38.0,448.0,198.0,382.0,153.0,10.0,13.0,34.0,40.0,6.0,13.0,1.0,2.0,11.0,17.0,9.0,4.0,15.0,9.0,0.0,1.0,1.7547811,0.535609,D,1572.5633666354881,1498.6957681588067,73.86759847668145
12657434,4.095652173913044,6.772156862745097,0.7600000000000001,2.0,4.752173913043478,6.800384245917387,0.52,2.0,2025-02-02,86066,Semen Padang FC,491968,Malut United FC,1.0,1.0,47.0,53.0,341.0,418.0,282.0,358.0,8.0,15.0,34.0,37.0,14.0,17.0,1.0,3.0,8.0,10.0,4.0,1.0,13.0,6.0,1.0,0.0,0.755508,0.522545,D,1431.7070830619093,1520.3560201529906,-88.64893709108128
12657437,4.221739130434782,7.150803212851407,0.9700000000000002,2.0,6.144444444444444,6.991136801541424,1.84,0.0,2025-02-02,189945,Borneo FC Samarinda,204733,PSS Sleman,1.0,0.0,52.0,48.0,331.0,295.0,280.0,242.0,6.0,8.0,28.0,42.0,21.0,6.0,4.0,6.0,31.0,23.0,3.0,3.0,19.0,12.0,1.0,1.0,0.9745115,1.8419651,H,1490.5786273360575,1469.2194196788005,21.359207657257002
12657432,4.556521739130435,6.509708737864077,2.35,2.0,5.445000000000001,7.48894324853229,1.74,8.0,2025-02-03,189471,PSIS Semarang,383891,Dewa United FC,1.0,4.0,32.0,68.0,259.0,704.0,206.0,655.0,12.0,7.0,40.0,36.0,13.0,12.0,3.0,4.0,12.0,15.0,5.0,4.0,3.0,9.0,3.0,1.0,2.36248,1.7410850000000002,A,1442.0002254347226,1572.157278306,-130.15705287127753
12657433,4.856521739130434,7.0945558739255015,0.94,2.0,4.352173913043478,6.678494623655913,1.95,0.0,2025-02-03,47465,Arema FC,64299,Bali United FC,1.0,0.0,55.0,45.0,320.0,261.0,266.0,190.0,17.0,17.0,35.0,31.0,16.0,8.0,3.0,4.0,25.0,20.0,6.0,3.0,14.0,15.0,0.0,1.0,0.94426,1.9430246,H,1491.0177912682793,1540.7499195723374,-49.73212830405805
12657430,4.4521739130434765,6.943062200956937,0.42,1.0,5.140909090909092,7.2043726235741445,0.7400000000000001,0.0,2025-02-07,86576,Persita Tangerang,135866,Persik Kediri,1.0,0.0,31.0,69.0,241.0,451.0,168.0,378.0,10.0,34.0,31.0,43.0,15.0,8.0,3.0,4.0,23.0,11.0,5.0,7.0,12.0,11.0,3.0,0.0,0.425695,0.7388309999999999,H,1519.3603082966833,1519.3810494109186,-0.020741114235306668
12657431,4.799999999999999,6.976952380952381,0.98,2.0,4.3809523809523805,6.593245967741934,1.2600000000000002,1.0,2025-02-07,200020,Persis Solo,76319,Persebaya Surabaya,2.0,1.0,59.0,41.0,459.0,221.0,401.0,166.0,21.0,9.0,41.0,27.0,12.0,13.0,5.0,1.0,15.0,10.0,3.0,4.0,6.0,11.0,0.0,1.0,0.992407,1.256444,H,1398.170777061183,1531.8680213412629,-133.69724428007999
12657428,4.8826086956521735,7.109519230769231,2.19,4.0,5.6157894736842096,6.73224880382775,0.6799999999999999,2.0,2025-02-08,86542,PS Barito Putera,86066,Semen Padang FC,2.0,1.0,45.0,55.0,289.0,345.0,240.0,284.0,10.0,15.0,38.0,35.0,14.0,8.0,3.0,0.0,20.0,10.0,5.0,0.0,13.0,16.0,0.0,0.0,2.1865866,0.681952,H,1449.3550855179558,1435.4534172839387,13.901668234017052
12657429,4.834782608695652,7.06630963972736,1.08,0.0,4.6,6.975568743818001,0.96,0.0,2025-02-08,86578,Madura United FC,266861,PSBS Biak,0.0,0.0,55.0,45.0,398.0,255.0,346.0,196.0,31.0,22.0,40.0,39.0,13.0,12.0,3.0,1.0,13.0,20.0,4.0,5.0,15.0,15.0,1.0,1.0,1.095244,0.969231,D,1423.4656650538673,1501.8376902169107,-78.37202516304342
12657427,4.57,7.094117647058823,3.05,2.0,4.85,6.727359389895137,1.2000000000000002,2.0,2025-02-08,383891,Dewa United FC,64295,Persija Jakarta,2.0,1.0,76.0,24.0,605.0,182.0,552.0,143.0,21.0,14.0,43.0,35.0,6.0,18.0,3.0,2.0,7.0,20.0,3.0,5.0,11.0,10.0,1.0,0.0,3.061559,1.205929,H,1581.786858392359,1569.4214445773841,12.365413814974772
12657426,4.408695652173914,6.7854932301740805,1.39,1.0,4.678260869565217,6.763037249283667,0.99,3.0,2025-02-09,204733,PSS Sleman,64299,Bali United FC,1.0,2.0,59.0,41.0,397.0,309.0,331.0,230.0,16.0,11.0,42.0,35.0,18.0,13.0,8.0,3.0,6.0,11.0,5.0,5.0,15.0,23.0,2.0,1.0,1.4011501000000002,0.9833971,A,1455.140410831089,1523.6173559993558,-68.47694516826687
12657425,4.752173913043478,6.9084615384615375,0.57,0.0,4.704545454545455,7.001930894308944,1.25,2.0,2025-02-09,189471,PSIS Semarang,64289,Persib Bandung,0.0,1.0,67.0,33.0,529.0,219.0,465.0,175.0,17.0,22.0,43.0,38.0,5.0,12.0,6.0,3.0,10.0,18.0,5.0,6.0,10.0,11.0,0.0,1.0,0.5768421,1.263061,A,1432.3706453483637,1620.9068552708009,-188.53620992243714
12808504,4.308695652173912,7.096899224806201,1.77,2.0,4.795652173913042,6.986229819563152,0.37,2.0,2025-02-10,47465,Arema FC,135864,PSM Makassar,1.0,1.0,55.0,45.0,486.0,355.0,415.0,275.0,12.0,16.0,37.0,43.0,24.0,18.0,2.0,2.0,15.0,21.0,3.0,2.0,9.0,6.0,1.0,0.0,1.776486,0.372965,D,1508.1503548412609,1508.4467384419358,-0.2963836006749716
12657424,4.904347826086956,7.163123236124178,1.8100000000000005,3.0,4.990476190476191,6.653157398680491,1.3500000000000003,0.0,2025-02-10,491968,Malut United FC,189945,Borneo FC Samarinda,3.0,0.0,41.0,59.0,274.0,430.0,225.0,360.0,11.0,13.0,33.0,39.0,13.0,14.0,3.0,4.0,25.0,7.0,3.0,12.0,16.0,8.0,2.0,1.0,1.809707,1.3459156,H,1516.6096859309612,1504.657636183769,11.952049747192177
12657422,4.243478260869565,7.034505703422052,0.73,2.0,4.626086956521739,6.652919708029198,1.1800000000000002,0.0,2025-02-14,86066,Semen Padang FC,86576,Persita Tangerang,2.0,0.0,46.0,54.0,306.0,370.0,246.0,308.0,2.0,11.0,27.0,37.0,13.0,14.0,4.0,0.0,19.0,13.0,2.0,3.0,12.0,20.0,0.0,1.0,0.7262099999999999,1.1689580000000002,H,1421.0532804589218,1534.3612037625658,-113.30792330364397
12654032,4.608695652173912,6.9055443548387085,1.4600000000000002,0.0,4.8045454545454565,6.653720508166969,1.01,0.0,2025-02-14,135866,Persik Kediri,200020,Persis Solo,0.0,0.0,42.0,58.0,124.0,263.0,88.0,212.0,10.0,13.0,33.0,52.0,10.0,5.0,1.0,8.0,19.0,19.0,5.0,3.0,10.0,19.0,1.0,0.0,1.4684400000000002,1.015387,D,1504.3801539450362,1418.673958448828,85.70619549620824
12654036,3.891304347826088,6.931754032258064,0.45,5.0,4.733333333333334,6.681159420289856,1.4500000000000002,1.0,2025-02-15,86578,Madura United FC,383891,Dewa United FC,3.0,1.0,37.0,63.0,226.0,442.0,179.0,383.0,9.0,11.0,38.0,40.0,16.0,11.0,0.0,3.0,21.0,3.0,0.0,7.0,8.0,14.0,4.0,1.0,0.45752,1.441306,H,1426.7930126361766,1596.2532258596711,-169.46021322349452
12654027,4.52,7.009683794466404,0.55,2.0,5.3950000000000005,6.768665377176014,1.18,0.0,2025-02-15,76319,Persebaya Surabaya,266861,PSBS Biak,1.0,0.0,51.0,49.0,345.0,340.0,280.0,274.0,23.0,17.0,38.0,36.0,15.0,11.0,0.0,0.0,10.0,14.0,4.0,1.0,10.0,15.0,1.0,1.0,0.556136,1.17719,H,1511.3648399536178,1498.5103426346013,12.854497319016446
12654035,4.386363636363637,6.941472868217054,1.7100000000000002,2.0,4.334782608695653,6.618164616840113,0.7999999999999999,2.0,2025-02-16,189945,Borneo FC Samarinda,86542,PS Barito Putera,2.0,1.0,57.0,43.0,387.0,250.0,326.0,203.0,10.0,11.0,33.0,30.0,10.0,12.0,4.0,2.0,6.0,26.0,7.0,2.0,17.0,14.0,0.0,2.0,1.707482,0.8067791,H,1490.173444195686,1463.7552223429727,26.41822185271326
12654040,4.460869565217391,6.851497584541062,0.57,2.0,4.904761904761905,6.893592233009708,2.099999999999999,1.0,2025-02-16,189471,PSIS Semarang,135864,PSM Makassar,1.0,1.0,46.0,54.0,268.0,340.0,212.0,257.0,15.0,21.0,38.0,38.0,11.0,22.0,1.0,3.0,23.0,10.0,2.0,12.0,13.0,12.0,1.0,3.0,0.571013,2.09658,D,1424.795524228554,1508.4339425364012,-83.63841830784713
12654037,5.119047619047619,6.76657223796034,1.1700000000000002,3.0,4.927272727272727,6.853422053231939,0.77,3.0,2025-02-16,64295,Persija Jakarta,64289,Persib Bandung,2.0,2.0,52.0,48.0,334.0,304.0,275.0,254.0,15.0,20.0,34.0,44.0,13.0,10.0,4.0,3.0,4.0,15.0,5.0,6.0,11.0,9.0,0.0,2.0,1.1687980000000002,0.757496,D,1554.955077110072,1628.4819763906105,-73.5268992805386
12654041,5.026086956521741,7.346111111111111,3.5700000000000003,7.0,4.866666666666665,6.422844036697248,0.94,3.0,2025-02-17,47465,Arema FC,204733,PSS Sleman,6.0,2.0,59.0,41.0,338.0,207.0,275.0,141.0,23.0,17.0,39.0,37.0,8.0,15.0,6.0,1.0,16.0,23.0,7.0,4.0,18.0,12.0,0.0,3.0,3.558962,0.94226,H,1508.1631507467955,1443.0591030755315,65.10404767126397
12654045,4.03181818181818,6.785314685314685,0.45,2.0,4.739130434782608,6.8662674650698605,0.59,1.0,2025-02-17,64299,Bali United FC,491968,Malut United FC,1.0,1.0,59.0,41.0,381.0,218.0,324.0,179.0,20.0,15.0,45.0,34.0,12.0,14.0,4.0,1.0,14.0,19.0,4.0,4.0,13.0,14.0,1.0,0.0,0.455781,0.5877371,D,1535.6986637549132,1531.0938779190442,4.604785835869052
12654042,4.034782608695651,7.11186274509804,1.4199999999999997,2.0,5.095000000000001,6.853982300884955,0.47,2.0,2025-02-21,200020,Persis Solo,86066,Semen Padang FC,1.0,1.0,60.0,40.0,416.0,275.0,343.0,203.0,16.0,12.0,34.0,34.0,14.0,11.0,7.0,1.0,11.0,30.0,10.0,1.0,4.0,18.0,2.0,5.0,1.4294160000000002,0.475896,D,1422.3009196421299,1440.7788191028371,-18.47789946070725
12654043,4.595652173913043,7.068318756073859,2.82,2.0,5.01818181818182,6.9799807507218485,0.7,2.0,2025-02-21,266861,PSBS Biak,135866,Persik Kediri,1.0,1.0,49.0,51.0,339.0,375.0,271.0,310.0,27.0,17.0,45.0,35.0,20.0,24.0,2.0,7.0,8.0,32.0,7.0,4.0,11.0,13.0,0.0,1.0,2.8292051,0.6971490000000001,D,1484.0650628054964,1500.7531927517343,-16.68812994623795
12654047,5.3500000000000005,7.23415112855741,1.4,4.0,5.065,6.793978282329713,1.44,0.0,2025-02-21,383891,Dewa United FC,76319,Persebaya Surabaya,2.0,0.0,59.0,41.0,630.0,364.0,568.0,307.0,18.0,22.0,42.0,35.0,9.0,16.0,3.0,3.0,13.0,8.0,5.0,5.0,6.0,13.0,1.0,2.0,1.40334,1.443904,H,1574.4668449640917,1525.8101197827227,48.656725181368984
12654049,4.621739130434783,6.676959847036329,1.25,1.0,4.739130434782608,6.872463768115942,1.69,2.0,2025-02-22,86576,Persita Tangerang,189945,Borneo FC Samarinda,1.0,2.0,48.0,52.0,343.0,403.0,279.0,336.0,16.0,12.0,39.0,35.0,7.0,8.0,6.0,1.0,13.0,11.0,7.0,2.0,10.0,19.0,0.0,3.0,1.238562,1.686721,A,1514.6356651186504,1504.0350709549425,10.60059416370791
12654053,3.691304347826088,7.072011952191235,1.5299999999999998,0.0,4.408695652173913,6.7821185617104,0.25,0.0,2025-02-22,64289,Persib Bandung,86578,Madura United FC,0.0,0.0,57.0,43.0,419.0,328.0,349.0,272.0,12.0,14.0,38.0,35.0,8.0,17.0,1.0,2.0,8.0,15.0,9.0,0.0,11.0,9.0,0.0,0.0,1.5312092000000002,0.24495,D,1625.3541210324304,1448.579393531756,176.77472750067432
12654048,4.291304347826087,7.148296007789678,1.11,2.0,4.89090909090909,6.7382857142857135,0.23,0.0,2025-02-23,135864,PSM Makassar,64295,Persija Jakarta,1.0,0.0,47.0,53.0,304.0,474.0,235.0,390.0,12.0,18.0,36.0,43.0,15.0,18.0,0.0,4.0,22.0,14.0,8.0,2.0,11.0,5.0,0.0,1.0,1.1059800000000002,0.2286,H,1504.8911551573842,1558.082932468252,-53.19177731086779
12657421,5.130434782608695,7.023910939012585,0.8999999999999999,2.0,5.905263157894737,6.648886737657308,0.84,0.0,2025-02-23,491968,Malut United FC,204733,PSS Sleman,1.0,0.0,50.0,50.0,347.0,384.0,291.0,317.0,14.0,13.0,35.0,39.0,6.0,16.0,2.0,2.0,14.0,12.0,5.0,2.0,14.0,6.0,5.0,1.0,0.897823,0.849607,H,1531.292670864675,1430.8374282218795,100.45524264279561
12654050,3.669565217391305,7.044985394352483,1.6900000000000002,3.0,4.955555555555556,6.90655105973025,1.65,2.0,2025-02-24,47465,Arema FC,189471,PSIS Semarang,2.0,2.0,48.0,52.0,300.0,355.0,220.0,273.0,21.0,16.0,41.0,31.0,24.0,12.0,2.0,3.0,23.0,13.0,8.0,3.0,12.0,15.0,2.0,1.0,1.69089,1.640535,D,1520.3848256004476,1428.338311607571,92.0465139928765
12654044,4.5956521739130425,6.6634741784037566,0.8800000000000001,3.0,4.356521739130434,6.670571428571429,1.46,1.0,2025-02-24,86542,PS Barito Putera,64299,Bali United FC,3.0,1.0,48.0,52.0,273.0,308.0,206.0,239.0,13.0,18.0,34.0,41.0,29.0,19.0,3.0,5.0,17.0,14.0,2.0,1.0,16.0,4.0,0.0,2.0,0.877567,1.4657117999999998,H,1449.8935955837162,1535.4998708092824,-85.60627522556615
12654056,4.5,6.801270772238515,1.38,2.0,5.147619047619046,6.783035714285713,1.61,1.0,2025-03-01,86066,Semen Padang FC,266861,PSBS Biak,1.0,1.0,41.0,59.0,265.0,383.0,210.0,327.0,10.0,13.0,32.0,46.0,9.0,10.0,5.0,3.0,18.0,6.0,5.0,1.0,15.0,12.0,1.0,1.0,1.3954350999999998,1.615962,D,1439.9818153564522,1484.7849937251654,-44.803178368713134
12654046,4.769565217391304,6.9005842259006815,0.85,2.0,5.134999999999999,6.9158560311284045,0.6300000000000001,4.0,2025-03-01,135866,Persik Kediri,383891,Dewa United FC,1.0,2.0,59.0,41.0,444.0,375.0,389.0,317.0,26.0,8.0,44.0,31.0,14.0,20.0,10.0,1.0,6.0,19.0,6.0,5.0,8.0,14.0,1.0,1.0,0.8531692,0.6241099999999999,A,1500.0332618320654,1587.3797917109255,-87.34652987886011
12654054,4.595,7.079296875,1.4300000000000002,5.0,4.754545454545455,6.596952380952382,0.68,2.0,2025-03-01,76319,Persebaya Surabaya,64289,Persib Bandung,4.0,1.0,45.0,55.0,288.0,370.0,229.0,307.0,17.0,20.0,41.0,37.0,14.0,14.0,7.0,3.0,19.0,22.0,7.0,6.0,7.0,7.0,0.0,2.0,1.4515711999999998,0.673279,H,1512.897173035889,1618.3189924672351,-105.4218194313462
12654055,4.41304347826087,6.7212355212355215,1.24,2.0,4.5434782608695645,7.04415458937198,1.7800000000000002,5.0,2025-03-02,86578,Madura United FC,135864,PSM Makassar,1.0,3.0,53.0,47.0,414.0,326.0,344.0,253.0,25.0,12.0,42.0,32.0,18.0,15.0,4.0,0.0,9.0,15.0,3.0,4.0,5.0,12.0,0.0,0.0,1.237636,1.79001,A,1455.6145220969513,1522.1698530226713,-66.55533092572
12654052,4.421739130434784,6.85281007751938,1.75,0.0,4.691304347826088,6.804852521408184,2.36,1.0,2025-03-02,64299,Bali United FC,86576,Persita Tangerang,1.0,1.0,49.0,51.0,250.0,268.0,191.0,209.0,27.0,6.0,43.0,34.0,9.0,26.0,8.0,5.0,17.0,17.0,6.0,10.0,12.0,18.0,1.0,0.0,1.7557940000000003,2.355781,D,1516.8769715864785,1499.178142642596,17.698828943882518
12654051,4.830434782608696,7.0741054613935965,1.5000000000000002,0.0,5.045454545454544,7.00244131455399,0.92,1.0,2025-03-02,189945,Borneo FC Samarinda,200020,Persis Solo,0.0,1.0,63.0,37.0,431.0,224.0,346.0,171.0,19.0,12.0,42.0,32.0,8.0,13.0,2.0,2.0,13.0,28.0,7.0,3.0,18.0,11.0,1.0,1.0,1.5068532,0.90915,A,1519.492593430997,1423.0979233885148,96.39467004248218
12654059,4.660869565217391,6.685330776605944,0.71,2.0,4.782608695652174,6.959672762271415,1.4200000000000002,2.0,2025-03-03,204733,PSS Sleman,86542,PS Barito Putera,1.0,2.0,56.0,44.0,469.0,324.0,411.0,266.0,17.0,15.0,34.0,36.0,16.0,16.0,6.0,1.0,9.0,17.0,3.0,1.0,12.0,13.0,0.0,0.0,0.705419,1.427909,A,1420.0574836282674,1468.51649480652,-48.459011178252695
12657420,4.765217391304348,7.0065686274509815,1.69,3.0,3.8478260869565215,6.701773399014779,1.75,2.0,2025-03-04,491968,Malut United FC,47465,Arema FC,2.0,1.0,55.0,45.0,429.0,374.0,367.0,315.0,9.0,12.0,32.0,36.0,17.0,11.0,3.0,4.0,12.0,15.0,0.0,5.0,8.0,6.0,1.0,2.0,1.6865769999999998,1.76278,H,1542.0726154582871,1516.5012955566572,25.571319901629977
12654060,4.9173913043478255,7.109541984732824,1.65,8.0,5.14,6.448848368522072,0.87,1.0,2025-03-05,64289,Persib Bandung,135866,Persik Kediri,4.0,1.0,49.0,51.0,299.0,266.0,244.0,216.0,16.0,8.0,43.0,39.0,6.0,7.0,2.0,0.0,10.0,15.0,5.0,3.0,13.0,8.0,3.0,0.0,1.6486279,0.8665370000000001,H,1598.9022887595142,1488.7268249279239,110.17546383159038
12654063,5.78,7.48232971372162,2.6500000000000004,9.0,4.155,5.933195449844881,0.01,0.0,2025-03-05,383891,Dewa United FC,86066,Semen Padang FC,6.0,0.0,66.0,34.0,587.0,268.0,532.0,212.0,17.0,10.0,43.0,31.0,11.0,16.0,2.0,1.0,9.0,7.0,3.0,4.0,4.0,12.0,1.0,4.0,2.656826,0.00852,H,1598.686228615067,1441.9054729523498,156.78075566271718
12654057,4.643478260869565,7.110440613026819,1.17,2.0,4.652173913043478,6.744188280499521,1.1700000000000002,0.0,2025-03-06,266861,PSBS Biak,189945,Borneo FC Samarinda,1.0,0.0,44.0,56.0,303.0,390.0,239.0,317.0,33.0,17.0,37.0,31.0,12.0,18.0,2.0,3.0,10.0,18.0,5.0,1.0,13.0,13.0,1.0,0.0,1.164775,1.1739810000000002,H,1482.8613361292678,1500.4344963910366,-17.573160261768862
12654062,4.830434782608696,7.064000000000001,2.3800000000000003,3.0,3.95,6.729735034347399,1.94,4.0,2025-03-06,200020,Persis Solo,64299,Bali United FC,2.0,2.0,58.0,42.0,307.0,256.0,255.0,188.0,17.0,6.0,41.0,34.0,20.0,10.0,5.0,2.0,15.0,25.0,9.0,0.0,8.0,20.0,0.0,3.0,2.3822109000000005,1.937001,D,1442.1560204284751,1516.11351200034,-73.95749157186492
12654058,4.782608695652174,6.92485436893204,0.93,0.0,4.445,6.88813056379822,1.42,2.0,2025-03-07,135864,PSM Makassar,76319,Persebaya Surabaya,0.0,1.0,63.0,37.0,411.0,244.0,299.0,163.0,10.0,4.0,41.0,28.0,12.0,24.0,4.0,6.0,6.0,27.0,8.0,4.0,9.0,16.0,1.0,2.0,0.928808,1.4259800000000002,A,1534.3310676467813,1532.3138767436099,2.0171909031714677
12654065,4.7043478260869565,6.893719806763287,1.92,1.0,5.789473684210526,6.9674733785091965,0.6200000000000001,4.0,2025-03-07,86576,Persita Tangerang,204733,PSS Sleman,1.0,2.0,56.0,44.0,319.0,241.0,263.0,191.0,17.0,7.0,36.0,36.0,6.0,14.0,3.0,2.0,13.0,33.0,12.0,2.0,14.0,12.0,1.0,1.0,1.920652,0.613351,A,1499.9416022287344,1407.13616546886,92.80543675987428
12654064,4.082608695652176,6.664450867052024,1.2900000000000005,2.0,4.713043478260869,6.8246445497630335,1.03,2.0,2025-03-08,86542,PS Barito Putera,491968,Malut United FC,1.0,1.0,63.0,37.0,436.0,242.0,371.0,199.0,10.0,11.0,36.0,34.0,9.0,20.0,3.0,5.0,20.0,14.0,3.0,4.0,15.0,7.0,1.0,1.0,1.2862414999999998,1.034297,D,1481.4378129659274,1555.9706019785735,-74.53278901264616
12657418,4.581818181818181,6.438669438669438,0.21,2.0,5.034782608695652,7.365157116451018,2.43,3.0,2025-03-09,64295,Persija Jakarta,47465,Arema FC,1.0,3.0,35.0,65.0,267.0,520.0,202.0,459.0,12.0,19.0,46.0,44.0,16.0,12.0,1.0,5.0,19.0,14.0,3.0,7.0,8.0,11.0,2.0,1.0,0.207627,2.4307380000000003,A,1540.804234602965,1502.6033090363708,38.20092556659415
12653979,4.452631578947368,6.454080629301869,1.31,1.0,5.004761904761905,7.067115384615384,2.49,8.0,2025-03-10,86066,Semen Padang FC,64289,Persib Bandung,1.0,4.0,47.0,53.0,325.0,392.0,281.0,345.0,14.0,13.0,37.0,36.0,8.0,15.0,4.0,4.0,21.0,6.0,2.0,4.0,6.0,6.0,0.0,3.0,1.3093284,2.50865,A,1433.2493782935899,1609.2989107666533,-176.04953247306344
12653994,4.968181818181819,6.903482587064676,1.47,0.0,4.334782608695652,7.216617790811339,0.91,2.0,2025-03-10,383891,Dewa United FC,189945,Borneo FC Samarinda,0.0,1.0,64.0,36.0,554.0,233.0,485.0,184.0,25.0,22.0,40.0,38.0,6.0,21.0,5.0,2.0,9.0,29.0,6.0,2.0,10.0,13.0,2.0,1.0,1.4626782,0.9086379999999996,A,1607.3423232738269,1484.6764484023383,122.66587487148854
12653991,5.175,6.503098591549296,0.94,1.0,5.1000000000000005,7.1110481586402265,1.81,5.0,2025-03-11,204733,PSS Sleman,200020,Persis Solo,1.0,4.0,56.0,44.0,396.0,304.0,324.0,243.0,8.0,20.0,37.0,40.0,9.0,5.0,1.0,0.0,11.0,11.0,5.0,8.0,19.0,10.0,4.0,3.0,0.93524,1.825844,A,1426.0502472475573,1445.301653007023,-19.251405759465797
12653988,4.490476190476191,6.739341085271318,1.87,2.0,4.691304347826088,6.733013435700576,1.88,2.0,2025-03-11,135866,Persik Kediri,135864,PSM Makassar,2.0,2.0,56.0,44.0,406.0,342.0,345.0,259.0,13.0,12.0,34.0,33.0,20.0,10.0,2.0,5.0,25.0,5.0,6.0,7.0,7.0,8.0,2.0,1.0,1.874094,1.870687,D,1478.3302029207848,1519.2439794933914,-40.913776572606594
12653990,4.352173913043478,6.688506876227898,0.97,0.0,5.172727272727271,7.300487329434698,1.69,3.0,2025-03-11,64299,Bali United FC,266861,PSBS Biak,0.0,2.0,44.0,56.0,347.0,353.0,272.0,307.0,4.0,16.0,33.0,42.0,13.0,17.0,5.0,4.0,9.0,21.0,8.0,2.0,19.0,9.0,0.0,1.0,0.94962,1.684076,A,1512.967879421792,1498.619384117966,14.348495303825985
12657417,4.469565217391304,6.860135790494666,0.91,3.0,4.552173913043479,6.584357005758158,0.41,1.0,2025-03-12,491968,Malut United FC,86576,Persita Tangerang,2.0,1.0,52.0,48.0,401.0,360.0,342.0,308.0,7.0,4.0,41.0,34.0,6.0,11.0,3.0,2.0,16.0,14.0,5.0,2.0,7.0,9.0,1.0,1.0,0.911641,0.4031569999999999,H,1552.8012323795376,1481.0275204500372,71.77371192950045
12653985,4.842857142857143,6.906796116504856,3.84,1.0,5.45,6.884570877531342,1.06,2.0,2025-03-12,76319,Persebaya Surabaya,189471,PSIS Semarang,1.0,1.0,47.0,53.0,328.0,343.0,266.0,282.0,16.0,11.0,32.0,37.0,17.0,17.0,6.0,4.0,7.0,14.0,7.0,3.0,15.0,11.0,1.0,0.0,3.830477000000001,1.0628372,D,1547.4009648969998,1432.2218416513615,115.17912324563827
12653992,4.2,6.910120240480961,3.0900000000000003,7.0,4.621739130434782,6.612977099236642,1.44,3.0,2025-03-13,47465,Arema FC,86542,PS Barito Putera,4.0,2.0,45.0,55.0,298.0,383.0,248.0,316.0,10.0,21.0,32.0,44.0,18.0,8.0,2.0,3.0,12.0,4.0,3.0,2.0,17.0,19.0,0.0,0.0,3.090643,1.4377879999999998,H,1519.2459614223346,1484.6071825649633,34.638778857371335
13560026,4.769565217391304,6.953745318352061,1.76,2.0,4.621739130434782,6.698272552783111,1.3100000000000005,3.0,2025-03-16,189471,PSIS Semarang,86578,Madura United FC,1.0,2.0,55.0,45.0,465.0,349.0,402.0,296.0,19.0,7.0,40.0,27.0,11.0,9.0,0.0,0.0,5.0,31.0,8.0,2.0,5.0,11.0,1.0,0.0,1.7615499999999995,1.30359,A,1437.0200246943934,1443.4533074728413,-6.433282778447847
13561514,,,,,,,,,2025-04-06,86578,Madura United FC,64295,Persija Jakarta,1.0,0.0,,,,,,,,,,,,,,,,,,,,,,,,,H,1458.1755920670614,1524.161582217001,-65.98599014993965
12653999,,,,,,,,,2025-04-10,135864,PSM Makassar,86066,Semen Padang FC,2.0,0.0,,,,,,,,,,,,,,,,,,,,,,,,,H,1517.485709723127,1425.2600608282805,92.22564889484647
12653998,4.069565217391305,7.232806324110672,2.6100000000000003,0.0,4.895,7.078767123287672,1.22,0.0,2025-04-10,64299,Bali United FC,383891,Dewa United FC,0.0,0.0,33.0,67.0,212.0,494.0,165.0,447.0,26.0,20.0,40.0,37.0,11.0,13.0,3.0,3.0,21.0,9.0,7.0,10.0,14.0,15.0,2.0,1.0,2.6053125,1.225194,D,1497.3487570242817,1587.256015404812,-89.90725838053027
12654000,4.795454545454545,7.068050193050192,2.77,2.0,5.621052631578947,6.77104247104247,1.03,1.0,2025-04-11,266861,PSBS Biak,204733,PSS Sleman,2.0,1.0,55.0,45.0,378.0,334.0,324.0,284.0,25.0,14.0,38.0,35.0,11.0,10.0,3.0,2.0,13.0,28.0,10.0,3.0,12.0,10.0,1.0,0.0,2.7678899999999995,1.035212,H,1514.2385065154765,1411.8805476716554,102.35795884382105
12654003,4.495652173913043,6.984668644906034,1.4999999999999998,0.0,4.29,7.166432865731463,0.8999999999999999,0.0,2025-04-11,189471,PSIS Semarang,135866,Persik Kediri,0.0,0.0,48.0,52.0,317.0,342.0,242.0,269.0,13.0,19.0,30.0,40.0,22.0,15.0,4.0,4.0,15.0,20.0,3.0,5.0,16.0,9.0,1.0,5.0,1.491165,0.902606,D,1422.2977401001733,1480.0884726910492,-57.790732590875905
12653996,4.713043478260869,6.822974261201144,0.45,2.0,5.321052631578947,6.86496138996139,1.7900000000000005,3.0,2025-04-11,189945,Borneo FC Samarinda,64289,Persib Bandung,2.0,2.0,62.0,38.0,467.0,247.0,402.0,200.0,15.0,13.0,43.0,36.0,9.0,16.0,3.0,3.0,18.0,9.0,5.0,5.0,15.0,12.0,2.0,2.0,0.452685,1.803278,D,1504.7627562713533,1617.2882282319626,-112.52547196060937
12653997,4.666666666666665,7.039711538461539,1.15,1.0,4.655,6.715856031128404,0.2,2.0,2025-04-12,64295,Persija Jakarta,76319,Persebaya Surabaya,1.0,1.0,64.0,36.0,477.0,256.0,420.0,206.0,32.0,19.0,44.0,32.0,5.0,14.0,3.0,0.0,9.0,14.0,3.0,2.0,6.0,15.0,1.0,0.0,1.1598786,0.20758,D,1506.3465042059536,1542.6027818539678,-36.25627764801425
12654007,4.013043478260872,6.61104536489152,1.0200000000000002,2.0,4.595652173913043,7.125904203323559,2.16,5.0,2025-04-12,200020,Persis Solo,491968,Malut United FC,1.0,3.0,56.0,44.0,430.0,282.0,361.0,234.0,12.0,17.0,35.0,49.0,14.0,16.0,4.0,6.0,3.0,22.0,4.0,4.0,10.0,7.0,3.0,1.0,1.025389,2.1680866999999995,A,1459.471352582925,1564.745852635583,-105.27450005265814
12654006,4.234782608695652,7.026036644165864,1.07,4.0,4.500000000000001,6.978912213740458,2.43,1.0,2025-04-13,86576,Persita Tangerang,86542,PS Barito Putera,2.0,1.0,46.0,54.0,315.0,366.0,270.0,311.0,10.0,21.0,36.0,38.0,14.0,7.0,1.0,6.0,25.0,18.0,2.0,8.0,11.0,15.0,0.0,0.0,1.06513,2.439318,H,1469.0829001939917,1471.097723583932,-2.014823389940375
