match_id,match_date,team_home_id,homeTeam_name,team_away_id,awayTeam_name,home_goals,away_goals,match_id_1,possession_home,possession_away,passes_home,passes_away,accuratePasses_home,accuratePasses_away,dribblesPct_home,dribblesPct_away,duelWonPct_home,duelWonPct_away,interceptions_home,interceptions_away,blocks_home,blocks_away,clearances_home,clearances_away,xG_home,xG_away,corners_home,corners_away,fouls_home,fouls_away,offsides_home,offsides_away,xg_home_1,xg_away_1,result
12475940,2025-03-25,4770,Japan,4834,Saudi Arabia,0.0,0.0,12475940,79.0,23.0,715.0,212.0,644.0,111.0,9.0,1.0,53.0,54.0,6.0,10.0,2.0,0.0,9.0,22.0,,,9.0,0.0,10.0,3.0,3.0,0.0,0.0,0.0,D
12475923,2025-03-25,4755,China,4741,Australia,0.0,2.0,12475923,55.0,58.0,452.0,474.0,391.0,405.0,5.0,4.0,60.0,61.0,9.0,6.0,4.0,1.0,21.0,22.0,,,6.0,6.0,10.0,3.0,2.0,0.0,0.0,0.0,A
12475953,2025-03-25,4735,South Korea,4771,Jordan,1.0,1.0,12475953,76.0,27.0,620.0,208.0,534.0,132.0,3.0,3.0,60.0,41.0,11.0,7.0,2.0,4.0,10.0,24.0,,,10.0,3.0,12.0,9.0,2.0,0.0,0.0,0.0,D
12475939,2025-03-25,4829,Indonesia,5161,Bahrain,1.0,0.0,12475939,47.0,63.0,326.0,443.0,260.0,374.0,6.0,6.0,43.0,65.0,9.0,4.0,0.0,1.0,26.0,18.0,,,4.0,3.0,14.0,8.0,4.0,0.0,0.0,0.0,H
12475970,2025-03-25,7930,Kyrgyzstan,4792,Qatar,3.0,1.0,12475970,51.0,60.0,387.0,475.0,322.0,398.0,4.0,6.0,54.0,56.0,6.0,4.0,3.0,2.0,25.0,20.0,,,5.0,6.0,12.0,7.0,1.0,0.0,0.0,0.0,H
12475974,2025-03-25,4766,Iran,4723,Uzbekistan,2.0,2.0,12475974,63.0,41.0,464.0,295.0,370.0,214.0,6.0,4.0,55.0,48.0,8.0,4.0,6.0,5.0,26.0,33.0,,,6.0,5.0,13.0,11.0,1.0,1.0,0.0,0.0,D
12475973,2025-03-25,5369,North Korea,4727,United Arab Emirates,1.0,2.0,12475973,34.0,72.0,305.0,675.0,209.0,577.0,3.0,2.0,55.0,54.0,13.0,8.0,1.0,5.0,36.0,17.0,,,4.0,4.0,14.0,11.0,0.0,3.0,0.0,0.0,A
12475007,2025-03-25,4788,Palestine,4767,Iraq,2.0,1.0,12475007,67.0,56.0,401.0,352.0,328.0,265.0,8.0,4.0,63.0,48.0,5.0,9.0,2.0,6.0,37.0,19.0,,,11.0,9.0,5.0,13.0,,,0.0,0.0,H
12475025,2025-03-25,5368,Kuwait,4787,Oman,0.0,1.0,12475025,56.0,60.0,442.0,500.0,368.0,431.0,11.0,6.0,56.0,48.0,11.0,13.0,3.0,1.0,18.0,23.0,,,5.0,4.0,10.0,9.0,0.0,3.0,0.0,0.0,A
12475932,2025-03-20,4741,Australia,4829,Indonesia,5.0,1.0,12475932,39.0,62.0,215.0,349.0,173.0,298.0,3.0,3.0,54.0,67.0,5.0,4.0,1.0,3.0,21.0,5.0,,,2.0,5.0,7.0,11.0,,,0.0,0.0,H
12475934,2025-03-20,4770,Japan,5161,Bahrain,2.0,0.0,12475934,62.0,41.0,565.0,360.0,481.0,264.0,6.0,4.0,49.0,62.0,14.0,9.0,4.0,2.0,17.0,23.0,,,8.0,1.0,18.0,5.0,2.0,3.0,0.0,0.0,H
12475958,2025-03-20,4735,South Korea,4787,Oman,1.0,1.0,12475958,67.0,42.0,653.0,377.0,587.0,286.0,8.0,4.0,65.0,52.0,4.0,8.0,4.0,3.0,10.0,25.0,,,3.0,4.0,9.0,10.0,,,0.0,0.0,D
12475977,2025-03-20,4766,Iran,4727,United Arab Emirates,2.0,0.0,12475977,63.0,52.0,502.0,401.0,424.0,310.0,5.0,2.0,55.0,64.0,9.0,9.0,3.0,1.0,15.0,18.0,,,4.0,1.0,12.0,8.0,6.0,1.0,0.0,0.0,H
12475979,2025-03-20,4723,Uzbekistan,7930,Kyrgyzstan,1.0,0.0,12475979,77.0,30.0,702.0,255.0,609.0,165.0,7.0,1.0,54.0,47.0,7.0,10.0,4.0,1.0,4.0,32.0,,,12.0,0.0,13.0,10.0,3.0,0.0,0.0,0.0,H
12475937,2025-03-20,4834,Saudi Arabia,4755,China,1.0,0.0,12475937,84.0,26.0,740.0,185.0,674.0,125.0,13.0,2.0,66.0,36.0,5.0,10.0,4.0,3.0,32.0,35.0,,,5.0,3.0,4.0,9.0,5.0,0.0,0.0,0.0,H
12475021,2025-03-20,4771,Jordan,4788,Palestine,3.0,1.0,12475021,54.0,56.0,400.0,409.0,330.0,307.0,4.0,11.0,49.0,59.0,10.0,6.0,2.0,4.0,28.0,12.0,,,3.0,6.0,14.0,13.0,3.0,2.0,0.0,0.0,H
12475954,2025-03-20,4767,Iraq,5368,Kuwait,2.0,2.0,12475954,70.0,44.0,443.0,290.0,359.0,203.0,11.0,5.0,50.0,54.0,5.0,14.0,3.0,0.0,9.0,37.0,,,12.0,0.0,9.0,10.0,0.0,1.0,0.0,0.0,D
12475976,2025-03-20,4792,Qatar,5369,North Korea,5.0,1.0,12475976,53.0,47.0,495.0,428.0,406.0,353.0,6.0,3.0,72.0,36.0,10.0,11.0,0.0,4.0,25.0,16.0,,,4.0,7.0,10.0,19.0,2.0,2.0,0.0,0.0,H
12475938,2024-11-19,4755,China,4770,Japan,1.0,3.0,12475938,33.0,69.0,291.0,613.0,201.0,529.0,8.0,5.0,47.0,54.0,8.0,5.0,2.0,2.0,22.0,16.0,,,2.0,6.0,17.0,10.0,2.0,1.0,0.0,0.0,A
12475946,2024-11-19,4829,Indonesia,4834,Saudi Arabia,2.0,0.0,12475946,26.0,80.0,173.0,557.0,102.0,480.0,2.0,7.0,43.0,67.0,7.0,10.0,3.0,9.0,38.0,9.0,,,4.0,12.0,15.0,4.0,5.0,1.0,0.0,0.0,H
12475978,2024-11-19,5369,North Korea,4723,Uzbekistan,0.0,1.0,12475978,68.0,52.0,551.0,381.0,423.0,263.0,2.0,1.0,55.0,62.0,10.0,9.0,8.0,6.0,17.0,26.0,,,3.0,3.0,8.0,9.0,2.0,1.0,0.0,0.0,A
12475018,2024-11-19,4788,Palestine,4735,South Korea,1.0,1.0,12475018,28.0,75.0,227.0,650.0,140.0,571.0,1.0,9.0,45.0,64.0,7.0,6.0,1.0,4.0,34.0,8.0,,,2.0,8.0,16.0,6.0,2.0,4.0,0.0,0.0,D
12475975,2024-11-19,7930,Kyrgyzstan,4766,Iran,2.0,3.0,12475975,50.0,70.0,358.0,570.0,276.0,490.0,6.0,5.0,55.0,51.0,13.0,11.0,2.0,3.0,15.0,13.0,,,3.0,3.0,8.0,13.0,2.0,1.0,0.0,0.0,A
12475960,2024-11-19,4787,Oman,4767,Iraq,0.0,1.0,12475960,61.0,45.0,487.0,360.0,392.0,278.0,3.0,7.0,57.0,45.0,8.0,8.0,3.0,0.0,19.0,20.0,,,4.0,3.0,8.0,26.0,2.0,1.0,0.0,0.0,A
12475969,2024-11-19,4727,United Arab Emirates,4792,Qatar,5.0,0.0,12475969,35.0,70.0,235.0,489.0,186.0,406.0,7.0,8.0,47.0,54.0,11.0,5.0,1.0,1.0,24.0,2.0,,,0.0,2.0,21.0,19.0,0.0,1.0,0.0,0.0,H
12475012,2024-11-19,5161,Bahrain,4741,Australia,2.0,2.0,12475012,44.0,61.0,364.0,527.0,270.0,442.0,4.0,5.0,52.0,54.0,10.0,8.0,4.0,1.0,19.0,19.0,,,2.0,6.0,9.0,10.0,2.0,5.0,0.0,0.0,D
12475009,2024-11-19,5368,Kuwait,4771,Jordan,1.0,1.0,12475009,53.0,56.0,392.0,389.0,313.0,297.0,12.0,3.0,62.0,50.0,10.0,4.0,1.0,2.0,35.0,20.0,,,3.0,11.0,4.0,10.0,0.0,4.0,0.0,0.0,D
12475936,2024-11-15,4829,Indonesia,4770,Japan,0.0,4.0,12475936,45.0,75.0,317.0,635.0,241.0,558.0,10.0,3.0,53.0,66.0,11.0,8.0,2.0,3.0,23.0,11.0,,,4.0,6.0,8.0,6.0,2.0,1.0,0.0,0.0,A
12475933,2024-11-14,4741,Australia,4834,Saudi Arabia,0.0,0.0,12475933,45.0,60.0,360.0,491.0,269.0,389.0,4.0,6.0,54.0,63.0,16.0,8.0,6.0,1.0,16.0,12.0,,,3.0,3.0,10.0,8.0,7.0,5.0,0.0,0.0,D
12475983,2024-11-14,5369,North Korea,4766,Iran,2.0,3.0,12475983,67.0,61.0,422.0,408.0,344.0,323.0,6.0,4.0,48.0,62.0,12.0,8.0,4.0,4.0,23.0,21.0,,,3.0,2.0,11.0,7.0,1.0,1.0,0.0,0.0,A
12475014,2024-11-14,5161,Bahrain,4755,China,0.0,1.0,12475014,71.0,30.0,506.0,211.0,420.0,131.0,4.0,0.0,57.0,53.0,3.0,10.0,2.0,2.0,12.0,34.0,,,3.0,4.0,10.0,13.0,6.0,9.0,0.0,0.0,A
12475022,2024-11-14,5368,Kuwait,4735,South Korea,1.0,3.0,12475022,29.0,77.0,242.0,705.0,171.0,633.0,4.0,9.0,49.0,61.0,24.0,8.0,0.0,0.0,14.0,7.0,,,0.0,4.0,9.0,10.0,0.0,4.0,0.0,0.0,A
12475961,2024-11-14,4787,Oman,4788,Palestine,1.0,0.0,12475961,64.0,53.0,479.0,361.0,392.0,286.0,9.0,6.0,49.0,52.0,3.0,18.0,3.0,1.0,32.0,14.0,,,3.0,8.0,9.0,16.0,2.0,2.0,0.0,0.0,H
12475972,2024-11-14,4792,Qatar,4723,Uzbekistan,3.0,2.0,12475972,51.0,59.0,422.0,485.0,336.0,411.0,6.0,4.0,51.0,53.0,13.0,9.0,1.0,5.0,43.0,15.0,,,1.0,4.0,10.0,8.0,1.0,3.0,0.0,0.0,H
12475984,2024-11-14,4727,United Arab Emirates,7930,Kyrgyzstan,3.0,0.0,12475984,55.0,49.0,392.0,347.0,322.0,277.0,13.0,11.0,53.0,48.0,4.0,13.0,2.0,6.0,28.0,16.0,,,4.0,6.0,13.0,21.0,1.0,2.0,0.0,0.0,H
12475955,2024-11-14,4767,Iraq,4771,Jordan,0.0,0.0,12475955,63.0,44.0,374.0,259.0,265.0,172.0,6.0,7.0,72.0,55.0,6.0,7.0,3.0,2.0,16.0,35.0,,,3.0,5.0,10.0,14.0,0.0,1.0,0.0,0.0,D
12475941,2024-10-15,4770,Japan,4741,Australia,1.0,1.0,12475941,71.0,40.0,598.0,332.0,502.0,246.0,8.0,6.0,60.0,48.0,13.0,21.0,3.0,0.0,8.0,22.0,,,9.0,0.0,12.0,9.0,,,0.0,0.0,D
12475959,2024-10-15,4735,South Korea,4767,Iraq,3.0,2.0,12475959,79.0,29.0,712.0,222.0,629.0,146.0,6.0,8.0,54.0,55.0,6.0,5.0,2.0,2.0,13.0,20.0,,,1.0,4.0,7.0,8.0,3.0,3.0,0.0,0.0,H
12475930,2024-10-15,4755,China,4829,Indonesia,2.0,1.0,12475930,26.0,78.0,193.0,604.0,98.0,506.0,4.0,6.0,67.0,46.0,15.0,9.0,0.0,3.0,48.0,3.0,,,1.0,6.0,11.0,8.0,0.0,1.0,0.0,0.0,H
12475987,2024-10-15,4723,Uzbekistan,4727,United Arab Emirates,1.0,0.0,12475987,61.0,41.0,517.0,363.0,425.0,259.0,6.0,6.0,61.0,39.0,15.0,12.0,8.0,0.0,11.0,31.0,,,4.0,1.0,9.0,6.0,2.0,0.0,0.0,0.0,H
12475981,2024-10-15,7930,Kyrgyzstan,5369,North Korea,1.0,0.0,12475981,43.0,66.0,295.0,460.0,187.0,348.0,4.0,5.0,41.0,61.0,11.0,6.0,4.0,5.0,39.0,18.0,,,3.0,8.0,23.0,19.0,1.0,1.0,0.0,0.0,H
12475019,2024-10-15,4771,Jordan,4787,Oman,4.0,0.0,12475019,46.0,61.0,359.0,503.0,285.0,423.0,8.0,6.0,49.0,62.0,7.0,7.0,5.0,0.0,16.0,24.0,,,8.0,4.0,16.0,4.0,1.0,2.0,0.0,0.0,H
12475011,2024-10-15,4788,Palestine,5368,Kuwait,2.0,2.0,12475011,64.0,52.0,399.0,333.0,322.0,256.0,6.0,8.0,48.0,60.0,4.0,6.0,5.0,1.0,16.0,22.0,,,5.0,3.0,20.0,19.0,1.0,2.0,0.0,0.0,D
12475980,2024-10-15,4766,Iran,4792,Qatar,4.0,1.0,12475980,50.0,59.0,375.0,441.0,303.0,366.0,9.0,7.0,54.0,62.0,8.0,15.0,1.0,5.0,11.0,16.0,,,3.0,6.0,12.0,3.0,4.0,2.0,0.0,0.0,H
12475931,2024-10-15,4834,Saudi Arabia,5161,Bahrain,0.0,0.0,12475931,69.0,35.0,487.0,247.0,383.0,154.0,11.0,2.0,59.0,51.0,7.0,10.0,4.0,0.0,12.0,34.0,,,8.0,3.0,9.0,12.0,5.0,3.0,0.0,0.0,D
12475947,2024-10-10,4741,Australia,4755,China,3.0,1.0,12475947,80.0,34.0,703.0,263.0,610.0,166.0,8.0,7.0,52.0,52.0,8.0,9.0,3.0,4.0,13.0,32.0,,,3.0,3.0,9.0,12.0,1.0,3.0,0.0,0.0,H
12475008,2024-10-10,4771,Jordan,4735,South Korea,0.0,2.0,12475008,25.0,76.0,237.0,761.0,169.0,680.0,3.0,7.0,45.0,64.0,9.0,3.0,5.0,4.0,10.0,23.0,,,2.0,2.0,12.0,7.0,1.0,2.0,0.0,0.0,A
12475985,2024-10-10,4723,Uzbekistan,4766,Iran,0.0,0.0,12475985,52.0,61.0,377.0,478.0,298.0,366.0,3.0,5.0,38.0,63.0,12.0,6.0,1.0,3.0,36.0,26.0,,,2.0,5.0,19.0,5.0,2.0,0.0,0.0,0.0,D
12475982,2024-10-10,4792,Qatar,7930,Kyrgyzstan,3.0,1.0,12475982,64.0,37.0,492.0,292.0,444.0,232.0,8.0,5.0,68.0,47.0,8.0,8.0,12.0,1.0,15.0,14.0,,,10.0,3.0,4.0,17.0,0.0,2.0,0.0,0.0,H
12475986,2024-10-10,4727,United Arab Emirates,5369,North Korea,1.0,1.0,12475986,60.0,41.0,429.0,295.0,336.0,213.0,5.0,7.0,64.0,58.0,11.0,4.0,2.0,6.0,18.0,16.0,,,5.0,5.0,12.0,16.0,,,0.0,0.0,D
12475956,2024-10-10,4787,Oman,5368,Kuwait,4.0,0.0,12475956,71.0,41.0,597.0,307.0,543.0,253.0,11.0,6.0,53.0,68.0,2.0,5.0,2.0,1.0,16.0,19.0,,,7.0,2.0,13.0,8.0,1.0,1.0,0.0,0.0,H
12475023,2024-10-10,5161,Bahrain,4829,Indonesia,2.0,2.0,12475023,61.0,48.0,396.0,322.0,309.0,231.0,2.0,4.0,64.0,43.0,4.0,9.0,9.0,0.0,11.0,28.0,,,7.0,1.0,10.0,27.0,0.0,2.0,0.0,0.0,D
12475957,2024-10-10,4767,Iraq,4788,Palestine,1.0,0.0,12475957,71.0,52.0,512.0,346.0,437.0,256.0,11.0,10.0,51.0,52.0,10.0,3.0,1.0,3.0,20.0,30.0,,,7.0,2.0,15.0,11.0,0.0,1.0,0.0,0.0,H
12475945,2024-10-10,4834,Saudi Arabia,4770,Japan,0.0,2.0,12475945,64.0,50.0,596.0,452.0,517.0,375.0,5.0,6.0,59.0,44.0,7.0,16.0,6.0,3.0,15.0,22.0,,,7.0,5.0,8.0,12.0,1.0,4.0,0.0,0.0,A
12475989,2024-09-10,5369,North Korea,4792,Qatar,2.0,2.0,12475989,33.0,78.0,188.0,517.0,115.0,437.0,10.0,5.0,52.0,52.0,9.0,6.0,1.0,6.0,26.0,7.0,,,5.0,6.0,14.0,14.0,1.0,1.0,0.0,0.0,D
12475942,2024-09-10,4829,Indonesia,4741,Australia,0.0,0.0,12475942,38.0,64.0,277.0,457.0,174.0,365.0,5.0,4.0,44.0,59.0,8.0,4.0,1.0,9.0,39.0,5.0,,,3.0,15.0,12.0,7.0,0.0,3.0,0.0,0.0,D
12475944,2024-09-10,4755,China,4834,Saudi Arabia,1.0,2.0,12475944,53.0,69.0,276.0,386.0,202.0,289.0,3.0,3.0,49.0,58.0,5.0,7.0,8.0,2.0,31.0,17.0,,,6.0,5.0,15.0,9.0,5.0,0.0,0.0,0.0,A
12475005,2024-09-10,4788,Palestine,4771,Jordan,1.0,3.0,12475005,60.0,49.0,356.0,289.0,281.0,214.0,6.0,15.0,54.0,52.0,14.0,9.0,3.0,4.0,19.0,18.0,,,5.0,8.0,8.0,8.0,1.0,2.0,0.0,0.0,A
12475962,2024-09-10,4787,Oman,4735,South Korea,1.0,3.0,12475962,38.0,70.0,291.0,563.0,224.0,502.0,5.0,7.0,48.0,52.0,5.0,9.0,2.0,4.0,30.0,13.0,,,3.0,10.0,16.0,11.0,1.0,2.0,0.0,0.0,A
12475993,2024-09-10,7930,Kyrgyzstan,4723,Uzbekistan,2.0,3.0,12475993,40.0,66.0,380.0,633.0,280.0,524.0,7.0,10.0,55.0,48.0,15.0,5.0,4.0,4.0,24.0,20.0,,,3.0,7.0,4.0,8.0,2.0,1.0,0.0,0.0,A
12475016,2024-09-10,5161,Bahrain,4770,Japan,0.0,5.0,12475016,30.0,80.0,188.0,607.0,128.0,551.0,5.0,5.0,68.0,79.0,7.0,5.0,1.0,1.0,20.0,15.0,,,1.0,4.0,7.0,11.0,2.0,5.0,0.0,0.0,A
12475988,2024-09-10,4727,United Arab Emirates,4766,Iran,0.0,1.0,12475988,63.0,43.0,457.0,315.0,389.0,239.0,10.0,5.0,59.0,46.0,2.0,4.0,5.0,2.0,18.0,25.0,,,5.0,2.0,5.0,7.0,1.0,1.0,0.0,0.0,A
12475024,2024-09-10,5368,Kuwait,4767,Iraq,0.0,0.0,12475024,65.0,47.0,516.0,347.0,444.0,280.0,1.0,5.0,42.0,63.0,6.0,6.0,1.0,3.0,12.0,16.0,,,0.0,4.0,15.0,7.0,,,0.0,0.0,D
12475951,2024-09-05,4741,Australia,5161,Bahrain,0.0,1.0,12475951,74.0,30.0,508.0,210.0,420.0,126.0,9.0,4.0,58.0,51.0,2.0,13.0,3.0,1.0,14.0,33.0,,,4.0,3.0,13.0,17.0,2.0,2.0,0.0,0.0,A
12475948,2024-09-05,4770,Japan,4755,China,7.0,0.0,12475948,81.0,26.0,712.0,215.0,640.0,132.0,9.0,3.0,58.0,58.0,7.0,9.0,1.0,0.0,7.0,23.0,,,5.0,2.0,20.0,9.0,0.0,1.0,0.0,0.0,H
12475963,2024-09-05,4735,South Korea,4788,Palestine,0.0,0.0,12475963,79.0,28.0,698.0,223.0,615.0,150.0,8.0,4.0,61.0,53.0,2.0,8.0,3.0,2.0,8.0,25.0,,,4.0,1.0,12.0,7.0,0.0,3.0,0.0,0.0,D
12475994,2024-09-05,4723,Uzbekistan,5369,North Korea,1.0,0.0,12475994,54.0,60.0,418.0,483.0,302.0,376.0,4.0,9.0,59.0,57.0,19.0,12.0,0.0,1.0,12.0,16.0,,,6.0,1.0,11.0,14.0,4.0,0.0,0.0,0.0,H
12475992,2024-09-05,4766,Iran,7930,Kyrgyzstan,1.0,0.0,12475992,69.0,35.0,621.0,300.0,538.0,208.0,13.0,7.0,58.0,45.0,3.0,8.0,7.0,0.0,11.0,22.0,,,3.0,3.0,5.0,10.0,4.0,0.0,0.0,0.0,H
12475998,2024-09-05,4792,Qatar,4727,United Arab Emirates,1.0,3.0,12475998,72.0,34.0,538.0,235.0,456.0,152.0,9.0,5.0,53.0,49.0,5.0,20.0,1.0,1.0,15.0,25.0,,,9.0,4.0,16.0,8.0,2.0,1.0,0.0,0.0,A
12475964,2024-09-05,4767,Iraq,4787,Oman,1.0,0.0,12475964,48.0,63.0,317.0,431.0,260.0,351.0,3.0,4.0,45.0,68.0,10.0,12.0,0.0,1.0,22.0,7.0,,,2.0,7.0,16.0,2.0,3.0,1.0,0.0,0.0,H
12475015,2024-09-05,4771,Jordan,5368,Kuwait,1.0,1.0,12475015,50.0,58.0,426.0,519.0,374.0,457.0,10.0,7.0,54.0,60.0,16.0,7.0,6.0,1.0,14.0,20.0,,,6.0,0.0,19.0,9.0,0.0,2.0,0.0,0.0,D
12475950,2024-09-05,4834,Saudi Arabia,4829,Indonesia,1.0,1.0,12475950,69.0,37.0,593.0,313.0,505.0,229.0,10.0,4.0,56.0,48.0,12.0,22.0,7.0,3.0,7.0,27.0,,,6.0,1.0,6.0,15.0,4.0,2.0,0.0,0.0,D
11740250,2024-06-11,4770,Japan,4731,Syria,5.0,0.0,11740250,73.0,40.0,623.0,299.0,557.0,206.0,4.0,7.0,59.0,50.0,14.0,4.0,1.0,1.0,13.0,8.0,,,3.0,1.0,16.0,12.0,1.0,1.0,0.0,0.0,H
11740251,2024-06-11,4735,South Korea,4755,China,1.0,0.0,11740251,85.0,21.0,689.0,152.0,626.0,80.0,10.0,1.0,55.0,54.0,5.0,14.0,4.0,1.0,8.0,24.0,,,11.0,1.0,14.0,14.0,,,0.0,0.0,H
11740257,2024-06-11,4741,Australia,4788,Palestine,5.0,0.0,11740257,60.0,47.0,584.0,455.0,513.0,383.0,9.0,9.0,57.0,57.0,10.0,12.0,3.0,3.0,8.0,14.0,,,4.0,2.0,11.0,9.0,1.0,1.0,0.0,0.0,H
11763619,2024-06-11,4829,Indonesia,4791,Philippines,2.0,0.0,11763619,58.0,52.0,411.0,354.0,327.0,271.0,4.0,6.0,56.0,52.0,11.0,9.0,2.0,3.0,11.0,15.0,,,7.0,4.0,9.0,11.0,3.0,1.0,0.0,0.0,H
11763662,2024-06-11,4730,Thailand,4738,Singapore,3.0,1.0,11763662,60.0,47.0,439.0,351.0,364.0,264.0,6.0,4.0,55.0,53.0,6.0,8.0,13.0,3.0,12.0,37.0,,,13.0,3.0,14.0,17.0,,,0.0,0.0,H
11763642,2024-06-11,6912,Malaysia,5937,Chinese Taipei,3.0,1.0,,,,,,,,,,,,,,,,,,,,,,,,,,,,H
11761482,2024-06-11,5369,North Korea,23484,Myanmar,4.0,1.0,,,,,,,,,,,,,,,,,,,,,,,,,,,,H
11763618,2024-06-11,23488,Tajikistan,6081,Pakistan,3.0,0.0,,,,,,,,,,,,,,,,,,,,,,,,,,,,H
11763636,2024-06-11,4728,Turkmenistan,4765,Hong Kong,0.0,0.0,,,,,,,,,,,,,,,,,,,,,,,,,,,,D
11761398,2024-06-11,5368,Kuwait,4689,Afghanistan,1.0,0.0,,,,,,,,,,,,,,,,,,,,,,,,,,,,H
11740249,2024-06-11,4792,Qatar,4828,India,2.0,1.0,11740249,63.0,53.0,474.0,390.0,362.0,268.0,9.0,6.0,59.0,44.0,17.0,13.0,2.0,4.0,18.0,8.0,,,4.0,1.0,7.0,13.0,2.0,4.0,0.0,0.0,H
11763601,2024-06-11,4774,Lebanon,6080,Bangladesh,4.0,0.0,,,,,,,,,,,,,,,,,,,,,,,,,,,,H
11740252,2024-06-11,4787,Oman,7930,Kyrgyzstan,1.0,1.0,11740252,53.0,49.0,506.0,483.0,437.0,403.0,10.0,8.0,57.0,50.0,15.0,10.0,4.0,2.0,5.0,21.0,,,8.0,4.0,7.0,8.0,,,0.0,0.0,D
11740256,2024-06-11,4727,United Arab Emirates,5161,Bahrain,1.0,1.0,11740256,,,,,,,,,,,,,,,,,,,,,,,,,,,D
11740253,2024-06-11,4766,Iran,4723,Uzbekistan,0.0,0.0,,,,,,,,,,,,,,,,,,,,,,,,,,,,D
11763611,2024-06-11,4721,Yemen,23489,Nepal,2.0,2.0,,,,,,,,,,,,,,,,,,,,,,,,,,,,D
11740255,2024-06-11,4834,Saudi Arabia,4771,Jordan,1.0,2.0,11740255,73.0,31.0,599.0,246.0,534.0,188.0,7.0,3.0,55.0,50.0,5.0,6.0,5.0,2.0,6.0,33.0,,,7.0,3.0,13.0,11.0,5.0,3.0,0.0,0.0,A
11740254,2024-06-11,4767,Iraq,7050,Vietnam,3.0,1.0,,,,,,,,,,,,,,,,,,,,,,,,,,,,H
11763625,2024-06-06,4829,Indonesia,4767,Iraq,0.0,2.0,11763625,61.0,52.0,362.0,309.0,279.0,242.0,3.0,9.0,55.0,70.0,5.0,6.0,6.0,3.0,16.0,22.0,,,8.0,3.0,13.0,9.0,1.0,2.0,0.0,0.0,A
11763586,2024-06-06,6080,Bangladesh,4741,Australia,0.0,2.0,11763586,30.0,76.0,217.0,585.0,157.0,539.0,6.0,11.0,49.0,60.0,7.0,6.0,1.0,3.0,28.0,2.0,,,1.0,9.0,7.0,4.0,1.0,1.0,0.0,0.0,A
11763643,2024-06-06,5937,Chinese Taipei,4787,Oman,0.0,3.0,11763643,34.0,66.0,296.0,578.0,198.0,479.0,9.0,11.0,52.0,54.0,17.0,5.0,2.0,13.0,28.0,9.0,,,4.0,3.0,11.0,8.0,1.0,1.0,0.0,0.0,A
11763654,2024-06-06,4738,Singapore,4735,South Korea,0.0,7.0,,,,,,,,,,,,,,,,,,,,,,,,,,,,A
11740244,2024-06-06,4755,China,4730,Thailand,1.0,1.0,11740244,57.0,51.0,438.0,384.0,337.0,287.0,11.0,2.0,62.0,44.0,9.0,11.0,5.0,6.0,19.0,29.0,,,5.0,8.0,13.0,22.0,1.0,1.0,0.0,0.0,D
11763640,2024-06-06,4765,Hong Kong,4766,Iran,2.0,4.0,,,,,,,,,,,,,,,,,,,,,,,,,,,,A
11740247,2024-06-06,7050,Vietnam,4791,Philippines,3.0,2.0,,,,,,,,,,,,,,,,,,,,,,,,,,,,H
11761478,2024-06-06,23484,Myanmar,4770,Japan,0.0,5.0,11761478,28.0,80.0,227.0,732.0,136.0,656.0,2.0,11.0,45.0,57.0,10.0,6.0,1.0,2.0,23.0,4.0,,,1.0,9.0,4.0,12.0,0.0,1.0,0.0,0.0,A
11740243,2024-06-06,4731,Syria,5369,North Korea,0.0,1.0,,,,,,,,,,,,,,,,,,,,,,,,,,,,A
11740241,2024-06-06,4828,India,5368,Kuwait,0.0,0.0,11740241,49.0,52.0,305.0,340.0,230.0,260.0,6.0,5.0,50.0,54.0,4.0,5.0,6.0,3.0,20.0,20.0,,,7.0,4.0,11.0,12.0,2.0,1.0,0.0,0.0,D
11740246,2024-06-06,4723,Uzbekistan,4728,Turkmenistan,3.0,1.0,,,,,,,,,,,,,,,,,,,,,,,,,,,,H
11740245,2024-06-06,7930,Kyrgyzstan,6912,Malaysia,1.0,1.0,,,,,,,,,,,,,,,,,,,,,,,,,,,,D
11763629,2024-06-06,6081,Pakistan,4834,Saudi Arabia,0.0,3.0,11763629,16.0,84.0,156.0,777.0,69.0,684.0,2.0,9.0,46.0,58.0,17.0,5.0,1.0,2.0,42.0,7.0,,,0.0,7.0,3.0,5.0,0.0,4.0,0.0,0.0,A
11482208,2024-06-06,4788,Palestine,4774,Lebanon,0.0,0.0,,,,,,,,,,,,,,,,,,,,,,,,,,,,D
11763610,2024-06-06,23489,Nepal,4727,United Arab Emirates,0.0,4.0,,,,,,,,,,,,,,,,,,,,,,,,,,,,A
11761484,2024-06-06,4689,Afghanistan,4792,Qatar,0.0,0.0,11761484,33.0,71.0,208.0,469.0,134.0,402.0,5.0,11.0,47.0,60.0,6.0,5.0,2.0,4.0,25.0,9.0,,,2.0,8.0,15.0,7.0,2.0,1.0,0.0,0.0,D
11761714,2024-06-06,5161,Bahrain,4721,Yemen,0.0,0.0,,,,,,,,,,,,,,,,,,,,,,,,,,,,D
11740248,2024-06-06,4771,Jordan,23488,Tajikistan,3.0,0.0,11740248,,,,,,,,,,,,,,,,,,,,,,,,,,,H
11740240,2024-03-26,4774,Lebanon,4741,Australia,0.0,5.0,11740240,50.0,70.0,356.0,535.0,279.0,454.0,12.0,8.0,54.0,53.0,13.0,10.0,2.0,4.0,11.0,16.0,,,1.0,3.0,11.0,11.0,1.0,3.0,0.0,0.0,A
12167308,2024-03-26,6080,Bangladesh,4788,Palestine,0.0,1.0,,,,,,,,,,,,,,,,,,,,,,,,,,,,A
11740238,2024-03-26,4791,Philippines,4767,Iraq,0.0,5.0,,,,,,,,,,,,,,,,,,,,,,,,,,,,A
11763624,2024-03-26,7050,Vietnam,4829,Indonesia,0.0,3.0,,,,,,,,,,,,,,,,,,,,,,,,,,,,A
11763657,2024-03-26,4755,China,4738,Singapore,4.0,1.0,11763657,54.0,50.0,397.0,372.0,313.0,281.0,8.0,6.0,51.0,54.0,11.0,6.0,3.0,2.0,14.0,13.0,,,10.0,1.0,10.0,18.0,4.0,0.0,0.0,0.0,H
11740235,2024-03-26,4730,Thailand,4735,South Korea,0.0,3.0,11740235,44.0,62.0,380.0,559.0,307.0,495.0,3.0,7.0,54.0,67.0,8.0,10.0,1.0,3.0,9.0,18.0,,,5.0,2.0,13.0,14.0,1.0,5.0,0.0,0.0,A
11761479,2024-03-26,4828,India,4689,Afghanistan,1.0,2.0,,,,,,,,,,,,,,,,,,,,,,,,,,,,A
11740236,2024-03-26,6912,Malaysia,4787,Oman,0.0,2.0,,,,,,,,,,,,,,,,,,,,,,,,,,,,A
11763647,2024-03-26,7930,Kyrgyzstan,5937,Chinese Taipei,5.0,1.0,,,,,,,,,,,,,,,,,,,,,,,,,,,,H
11763649,2024-03-26,4723,Uzbekistan,4765,Hong Kong,3.0,0.0,,,,,,,,,,,,,,,,,,,,,,,,,,,,H
11740237,2024-03-26,4728,Turkmenistan,4766,Iran,0.0,1.0,,,,,,,,,,,,,,,,,,,,,,,,,,,,A
11740239,2024-03-26,23488,Tajikistan,4834,Saudi Arabia,1.0,1.0,11740239,48.0,54.0,426.0,493.0,323.0,393.0,5.0,8.0,48.0,59.0,15.0,10.0,2.0,4.0,14.0,17.0,,,2.0,5.0,11.0,10.0,,,0.0,0.0,D
11761712,2024-03-26,5161,Bahrain,23489,Nepal,3.0,0.0,,,,,,,,,,,,,,,,,,,,,,,,,,,,H
11763615,2024-03-26,4721,Yemen,4727,United Arab Emirates,0.0,3.0,,,,,,,,,,,,,,,,,,,,,,,,,,,,A
11740233,2024-03-26,5368,Kuwait,4792,Qatar,1.0,2.0,11740233,44.0,67.0,239.0,388.0,154.0,313.0,2.0,4.0,56.0,46.0,11.0,8.0,4.0,4.0,26.0,25.0,,,3.0,8.0,11.0,12.0,1.0,7.0,0.0,0.0,A
11761494,2024-03-26,4731,Syria,23484,Myanmar,7.0,0.0,,,,,,,,,,,,,,,,,,,,,,,,,,,,H
11761711,2024-03-26,4771,Jordan,6081,Pakistan,7.0,0.0,,,,,,,,,,,,,,,,,,,,,,,,,,,,H
11763652,2024-03-21,5937,Chinese Taipei,7930,Kyrgyzstan,0.0,2.0,11763652,51.0,49.0,,,,,,,,,,,1.0,4.0,,,,,3.0,4.0,10.0,11.0,2.0,2.0,,,A
11763627,2024-03-21,6081,Pakistan,4771,Jordan,0.0,3.0,11763627,,,,,,,,,,,,,,,,,,,,,,,,,,,A
11740232,2024-03-21,4741,Australia,4774,Lebanon,2.0,0.0,11740232,69.0,40.0,632.0,353.0,553.0,274.0,15.0,13.0,48.0,60.0,13.0,7.0,2.0,0.0,15.0,23.0,,,9.0,1.0,14.0,4.0,5.0,0.0,0.0,0.0,H
11740226,2024-03-21,4770,Japan,5369,North Korea,1.0,0.0,11740226,77.0,45.0,579.0,293.0,485.0,184.0,5.0,4.0,66.0,47.0,11.0,6.0,3.0,1.0,23.0,26.0,,,9.0,3.0,6.0,11.0,2.0,2.0,0.0,0.0,H
11740227,2024-03-21,4735,South Korea,4730,Thailand,1.0,1.0,11740227,82.0,25.0,812.0,227.0,738.0,161.0,3.0,4.0,57.0,47.0,9.0,6.0,10.0,2.0,17.0,40.0,,,13.0,4.0,7.0,8.0,2.0,0.0,0.0,0.0,D
11761486,2024-03-21,23484,Myanmar,4731,Syria,1.0,1.0,11761486,,,,,,,,,,,,,,,,,,,1.0,0.0,1.0,0.0,,,,,D
11763650,2024-03-21,4765,Hong Kong,4723,Uzbekistan,0.0,2.0,11763650,,,,,,,,,,,,,1.0,4.0,,,,,5.0,10.0,7.0,11.0,3.0,0.0,,,A
11763659,2024-03-21,4738,Singapore,4755,China,2.0,2.0,11763659,46.0,60.0,293.0,399.0,199.0,309.0,2.0,10.0,51.0,54.0,7.0,18.0,5.0,4.0,12.0,21.0,,,1.0,4.0,20.0,19.0,2.0,3.0,0.0,0.0,D
11763626,2024-03-21,4829,Indonesia,7050,Vietnam,1.0,0.0,11763626,,,,,,,,,,,,,1.0,0.0,,,,,1.0,2.0,9.0,2.0,1.0,0.0,,,H
11740229,2024-03-21,4766,Iran,4728,Turkmenistan,5.0,0.0,,,,,,,,,,,,,,,,,,,,,,,,,,,,H
11740228,2024-03-21,4787,Oman,6912,Malaysia,2.0,0.0,,,,,,,,,,,,,,,,,,,,,,,,,,,,H
11763612,2024-03-21,4727,United Arab Emirates,4721,Yemen,2.0,1.0,,,,,,,,,,,,,,,,,,,,,,,,,,,,H
11761715,2024-03-21,4788,Palestine,6080,Bangladesh,5.0,0.0,,,,,,,,,,,,,,,,,,,,,,,,,,,,H
11740225,2024-03-21,4792,Qatar,5368,Kuwait,3.0,0.0,11740225,67.0,39.0,537.0,306.0,464.0,223.0,4.0,6.0,47.0,56.0,12.0,14.0,5.0,0.0,12.0,26.0,,,5.0,1.0,13.0,13.0,7.0,1.0,0.0,0.0,H
11740231,2024-03-21,4834,Saudi Arabia,23488,Tajikistan,1.0,0.0,11740231,54.0,51.0,435.0,402.0,348.0,323.0,18.0,5.0,66.0,37.0,16.0,9.0,1.0,3.0,17.0,10.0,,,4.0,5.0,15.0,9.0,0.0,3.0,0.0,0.0,H
11740230,2024-03-21,4767,Iraq,4791,Philippines,1.0,0.0,,,,,,,,,,,,,,,,,,,,,,,,,,,,H
11761489,2024-03-21,4689,Afghanistan,4828,India,0.0,0.0,,,,,,,,,,,,,,,,,,,,,,,,,,,,D
11763614,2024-03-21,23489,Nepal,5161,Bahrain,0.0,5.0,,,,,,,,,,,,,,,,,,,,,,,,,,,,A
11763620,2023-11-21,6081,Pakistan,23488,Tajikistan,1.0,6.0,,,,,,,,,,,,,,,,,,,,,,,,,,,,A
11761480,2023-11-21,23484,Myanmar,5369,North Korea,1.0,6.0,,,,,,,,,,,,,,,,,,,,,,,,,,,,A
11763635,2023-11-21,4791,Philippines,4829,Indonesia,1.0,1.0,,,,,,,,,,,,,,,,,,,,,,,,,,,,D
11763661,2023-11-21,5937,Chinese Taipei,6912,Malaysia,0.0,1.0,,,,,,,,,,,,,,,,,,,,,,,,,,,,A
11763590,2023-11-21,6080,Bangladesh,4774,Lebanon,1.0,1.0,,,,,,,,,,,,,,,,,,,,,,,,,,,,D
11763663,2023-11-21,4738,Singapore,4730,Thailand,1.0,3.0,11763663,47.0,72.0,329.0,538.0,257.0,456.0,5.0,4.0,59.0,50.0,13.0,5.0,1.0,5.0,26.0,16.0,,,0.0,9.0,14.0,18.0,1.0,2.0,0.0,0.0,A
11763658,2023-11-21,4765,Hong Kong,4728,Turkmenistan,2.0,2.0,,,,,,,,,,,,,,,,,,,,,,,,,,,,D
11740218,2023-11-21,4755,China,4735,South Korea,0.0,3.0,11740218,35.0,66.0,356.0,673.0,279.0,604.0,5.0,10.0,50.0,59.0,2.0,2.0,2.0,5.0,24.0,4.0,,,0.0,4.0,19.0,14.0,1.0,0.0,0.0,0.0,A
11740222,2023-11-21,7050,Vietnam,4767,Iraq,0.0,1.0,,,,,,,,,,,,,,,,,,,,,,,,,,,,A
11740220,2023-11-21,4723,Uzbekistan,4766,Iran,2.0,2.0,,,,,,,,,,,,,,,,,,,,,,,,,,,,D
11763613,2023-11-21,23489,Nepal,4721,Yemen,0.0,2.0,,,,,,,,,,,,,,,,,,,,,,,,,,,,A
11740216,2023-11-21,4828,India,4792,Qatar,0.0,3.0,11740216,49.0,56.0,364.0,416.0,270.0,332.0,7.0,10.0,44.0,57.0,9.0,8.0,1.0,7.0,19.0,15.0,,,3.0,11.0,14.0,7.0,2.0,4.0,0.0,0.0,A
11482207,2023-11-21,4788,Palestine,4741,Australia,0.0,1.0,11482207,49.0,57.0,384.0,477.0,291.0,385.0,2.0,5.0,49.0,51.0,11.0,8.0,1.0,2.0,16.0,18.0,,,6.0,4.0,17.0,18.0,2.0,0.0,0.0,0.0,A
11740219,2023-11-21,7930,Kyrgyzstan,4787,Oman,1.0,0.0,,,,,,,,,,,,,,,,,,,,,,,,,,,,H
11740217,2023-11-21,4731,Syria,4770,Japan,0.0,5.0,11740217,31.0,72.0,262.0,639.0,181.0,566.0,1.0,3.0,49.0,51.0,10.0,6.0,0.0,3.0,24.0,7.0,,,1.0,5.0,8.0,10.0,5.0,4.0,0.0,0.0,A
11740224,2023-11-21,5161,Bahrain,4727,United Arab Emirates,0.0,2.0,,,,,,,,,,,,,,,,,,,,,,,,,,,,A
11740223,2023-11-21,4771,Jordan,4834,Saudi Arabia,0.0,2.0,11740223,60.0,47.0,460.0,367.0,377.0,290.0,18.0,8.0,56.0,48.0,6.0,11.0,5.0,0.0,10.0,25.0,,,8.0,1.0,13.0,17.0,9.0,0.0,0.0,0.0,A
11761493,2023-11-21,4689,Afghanistan,5368,Kuwait,0.0,4.0,,,,,,,,,,,,,,,,,,,,,,,,,,,,A
11763609,2023-11-16,4741,Australia,6080,Bangladesh,7.0,0.0,11763609,75.0,35.0,643.0,284.0,598.0,216.0,18.0,5.0,57.0,45.0,10.0,10.0,6.0,0.0,4.0,36.0,,,8.0,1.0,14.0,13.0,5.0,1.0,0.0,0.0,H
11761477,2023-11-16,4770,Japan,23484,Myanmar,5.0,0.0,11761477,84.0,17.0,795.0,163.0,719.0,74.0,5.0,0.0,67.0,39.0,1.0,12.0,5.0,0.0,3.0,35.0,,,14.0,1.0,7.0,12.0,1.0,0.0,0.0,0.0,H
11740213,2023-11-16,4791,Philippines,7050,Vietnam,0.0,2.0,,,,,,,,,,,,,,,,,,,,,,,,,,,,A
11763660,2023-11-16,4735,South Korea,4738,Singapore,5.0,0.0,,,,,,,,,,,,,,,,,,,,,,,,,,,,H
11740210,2023-11-16,4730,Thailand,4755,China,1.0,2.0,11740210,68.0,42.0,515.0,306.0,430.0,229.0,6.0,3.0,60.0,56.0,8.0,18.0,3.0,0.0,13.0,34.0,,,7.0,5.0,5.0,17.0,3.0,5.0,0.0,0.0,A
11740211,2023-11-16,6912,Malaysia,7930,Kyrgyzstan,4.0,3.0,,,,,,,,,,,,,,,,,,,,,,,,,,,,H
11740214,2023-11-16,23488,Tajikistan,4771,Jordan,1.0,1.0,,,,,,,,,,,,,,,,,,,,,,,,,,,,D
11740215,2023-11-16,4774,Lebanon,4788,Palestine,0.0,0.0,,,,,,,,,,,,,,,,,,,,,,,,,,,,D
11740212,2023-11-16,4728,Turkmenistan,4723,Uzbekistan,1.0,3.0,,,,,,,,,,,,,,,,,,,,,,,,,,,,A
11763644,2023-11-16,4766,Iran,4765,Hong Kong,4.0,0.0,,,,,,,,,,,,,,,,,,,,,,,,,,,,H
11763639,2023-11-16,4767,Iraq,4829,Indonesia,5.0,1.0,,,,,,,,,,,,,,,,,,,,,,,,,,,,H
11763653,2023-11-16,4787,Oman,5937,Chinese Taipei,3.0,0.0,,,,,,,,,,,,,,,,,,,,,,,,,,,,H
11763616,2023-11-16,4727,United Arab Emirates,23489,Nepal,4.0,0.0,,,,,,,,,,,,,,,,,,,,,,,,,,,,H
11761500,2023-11-16,4792,Qatar,4689,Afghanistan,8.0,1.0,11761500,76.0,33.0,599.0,236.0,539.0,159.0,7.0,4.0,56.0,46.0,7.0,8.0,1.0,0.0,1.0,17.0,,,10.0,0.0,12.0,15.0,2.0,0.0,0.0,0.0,H
11763621,2023-11-16,4834,Saudi Arabia,6081,Pakistan,4.0,0.0,11763621,78.0,24.0,666.0,199.0,570.0,118.0,8.0,3.0,61.0,53.0,9.0,15.0,3.0,0.0,9.0,23.0,,,7.0,2.0,9.0,12.0,1.0,6.0,0.0,0.0,H
11740208,2023-11-16,5368,Kuwait,4828,India,0.0,1.0,,,,,,,,,,,,,,,,,,,,,,,,,,,,A
11740209,2023-11-16,5369,North Korea,4731,Syria,0.0,1.0,,,,,,,,,,,,,,,,,,,,,,,,,,,,A
11763617,2023-11-16,4721,Yemen,5161,Bahrain,0.0,2.0,,,,,,,,,,,,,,,,,,,,,,,,,,,,A
11690367,2023-10-17,23493,Guam,4738,Singapore,0.0,1.0,,,,,,,,,,,,,,,,,,,,,,,,,,,,A
11690363,2023-10-17,23496,Mongolia,4689,Afghanistan,0.0,1.0,,,,,,,,,,,,,,,,,,,,,,,,,,,,A
11690358,2023-10-17,6081,Pakistan,7929,Cambodia,1.0,0.0,,,,,,,,,,,,,,,,,,,,,,,,,,,,H
11690368,2023-10-17,23487,Sri Lanka,4721,Yemen,1.0,1.0,,,,,,,,,,,,,,,,,,,,,,,,,,,,D
11690366,2023-10-17,23497,East Timor,5937,Chinese Taipei,0.0,3.0,,,,,,,,,,,,,,,,,,,,,,,,,,,,A
11690370,2023-10-17,23492,Macau,23484,Myanmar,0.0,0.0,,,,,,,,,,,,,,,,,,,,,,,,,,,,D
11690365,2023-10-17,6080,Bangladesh,6911,Maldives,2.0,1.0,,,,,,,,,,,,,,,,,,,,,,,,,,,,H
11690360,2023-10-17,23486,Laos,23489,Nepal,0.0,1.0,,,,,,,,,,,,,,,,,,,,,,,,,,,,A
11690369,2023-10-17,191564,Bhutan,4765,Hong Kong,2.0,0.0,,,,,,,,,,,,,,,,,,,,,,,,,,,,H
11690359,2023-10-17,23491,Brunei Darussalam,4829,Indonesia,0.0,6.0,,,,,,,,,,,,,,,,,,,,,,,,,,,,A
11690357,2023-10-12,23484,Myanmar,23492,Macau,5.0,1.0,,,,,,,,,,,,,,,,,,,,,,,,,,,,H
11690356,2023-10-12,6911,Maldives,6080,Bangladesh,1.0,1.0,11690356,56.0,44.0,,,,,,,,,,,2.0,4.0,,,,,7.0,3.0,5.0,16.0,1.0,0.0,,,D
11690351,2023-10-12,5937,Chinese Taipei,23497,East Timor,4.0,0.0,11690351,,,,,,,,,,,,,,,,,,,,,,,,,,,H
11690355,2023-10-12,4738,Singapore,23493,Guam,2.0,1.0,11690355,52.0,48.0,,,,,,,,,,,0.0,0.0,,,,,15.0,0.0,9.0,12.0,2.0,3.0,,,H
11690353,2023-10-12,23489,Nepal,23486,Laos,1.0,1.0,11690353,49.0,51.0,,,,,,,,,,,1.0,2.0,,,,,8.0,2.0,6.0,18.0,0.0,1.0,,,D
11690362,2023-10-12,4765,Hong Kong,191564,Bhutan,4.0,0.0,11690362,60.0,40.0,,,,,,,,,,,7.0,2.0,,,,,6.0,0.0,11.0,11.0,5.0,0.0,,,H
11690354,2023-10-12,7929,Cambodia,6081,Pakistan,0.0,0.0,11690354,66.0,34.0,,,,,,,,,,,3.0,1.0,,,,,5.0,1.0,10.0,11.0,0.0,0.0,,,D
11690352,2023-10-12,4829,Indonesia,23491,Brunei Darussalam,6.0,0.0,11690352,58.0,42.0,,,,,,,,,,,2.0,1.0,,,,,9.0,2.0,5.0,4.0,1.0,1.0,,,H
11690350,2023-10-12,4689,Afghanistan,23496,Mongolia,1.0,0.0,11690350,71.0,29.0,,,,,,,,,,,7.0,0.0,,,,,6.0,3.0,13.0,15.0,3.0,2.0,,,H
11690361,2023-10-12,4721,Yemen,23487,Sri Lanka,3.0,0.0,,,,,,,,,,,,,,,,,,,,,,,,,,,,H