match_id,match_date,team_home_id,homeTeam_name,team_away_id,awayTeam_name,home_goals,away_goals,match_id_1,possession_home,possession_away,passes_home,passes_away,accuratePasses_home,accuratePasses_away,dribblesPct_home,dribblesPct_away,duelWonPct_home,duelWonPct_away,interceptions_home,interceptions_away,blocks_home,blocks_away,clearances_home,clearances_away,xG_home,xG_away,corners_home,corners_away,fouls_home,fouls_away,offsides_home,offsides_away,shotmap_xg_home,shotmap_xg_away,avg_rating_home,weighted_rating_home,xG_from_players_home,goal_contrib_home,avg_rating_away,weighted_rating_away,xG_from_players_away,goal_contrib_away,result
12654006,2025-04-13,86576,Persita Tangerang,86542,PS Barito Putera,2.0,1.0,12654006,46.0,54.0,315.0,366.0,270.0,311.0,10.0,21.0,36.0,38.0,14.0,7.0,1.0,6.0,25.0,18.0,1.07,2.44,2.0,8.0,11.0,15.0,0.0,0.0,1.06513,2.439318,4.2347826086956522,7.0260366441658642,1.07,4,4.5000000000000009,6.9789122137404576,2.43,1,H
12654007,2025-04-12,200020,Persis Solo,491968,Malut United FC,1.0,3.0,12654007,56.0,44.0,430.0,282.0,361.0,234.0,12.0,17.0,35.0,49.0,14.0,16.0,4.0,6.0,3.0,22.0,1.03,2.17,4.0,4.0,10.0,7.0,3.0,1.0,1.0253889999999999,2.1680866999999995,4.0130434782608706,6.6110453648915195,1.0200000000000002,2,4.5956521739130434,7.1259042033235591,2.1599999999999997,5,A
12653997,2025-04-12,64295,Persija Jakarta,76319,Persebaya Surabaya,1.0,1.0,12653997,64.0,36.0,477.0,256.0,420.0,206.0,32.0,19.0,44.0,32.0,5.0,14.0,3.0,0.0,9.0,14.0,1.16,0.21,3.0,2.0,6.0,15.0,1.0,0.0,1.1598785999999999,0.20758000000000001,4.6666666666666661,7.039711538461539,1.15,1,4.655,6.7158560311284043,0.2,2,D
12654003,2025-04-11,189471,PSIS Semarang,135866,Persik Kediri,0.0,0.0,12654003,48.0,52.0,317.0,342.0,242.0,269.0,13.0,19.0,30.0,40.0,22.0,15.0,4.0,4.0,15.0,20.0,1.49,0.9,3.0,5.0,16.0,9.0,1.0,5.0,1.491165,0.90260599999999991,4.4956521739130428,6.9846686449060336,1.4999999999999998,0,4.29,7.1664328657314629,0.89999999999999991,0,D
12654000,2025-04-11,266861,PSBS Biak,204733,PSS Sleman,2.0,1.0,12654000,55.0,45.0,378.0,334.0,324.0,284.0,25.0,14.0,38.0,35.0,11.0,10.0,3.0,2.0,13.0,28.0,2.77,1.04,10.0,3.0,12.0,10.0,1.0,0.0,2.7678899999999995,1.035212,4.795454545454545,7.0680501930501922,2.77,2,5.6210526315789471,6.77104247104247,1.03,1,H
12653996,2025-04-11,189945,Borneo FC Samarinda,64289,Persib Bandung,2.0,2.0,12653996,62.0,38.0,467.0,247.0,402.0,200.0,15.0,13.0,43.0,36.0,9.0,16.0,3.0,3.0,18.0,9.0,0.45,1.8,5.0,5.0,15.0,12.0,2.0,2.0,0.45268500000000006,1.803278,4.713043478260869,6.8229742612011437,0.45000000000000007,2,5.3210526315789473,6.86496138996139,1.7900000000000003,3,D
12653999,2025-04-10,135864,PSM Makassar,86066,Semen Padang FC,2.0,0.0,,,,,,,,,,,,,,,,,,,,,,,,,,,,,,,,,,,,H
12653998,2025-04-10,64299,Bali United FC,383891,Dewa United FC,0.0,0.0,12653998,33.0,67.0,212.0,494.0,165.0,447.0,26.0,20.0,40.0,37.0,11.0,13.0,3.0,3.0,21.0,9.0,2.61,1.23,7.0,10.0,14.0,15.0,2.0,1.0,2.6053125,1.225194,4.0695652173913048,7.2328063241106726,2.6100000000000003,0,4.8949999999999987,7.0787671232876717,1.22,0,D
13561514,2025-04-06,86578,Madura United FC,64295,Persija Jakarta,1.0,0.0,,,,,,,,,,,,,,,,,,,,,,,,,,,,,,,,,,,,H
13560026,2025-03-16,189471,PSIS Semarang,86578,Madura United FC,1.0,2.0,13560026,55.0,45.0,465.0,349.0,402.0,296.0,19.0,7.0,40.0,27.0,11.0,9.0,0.0,0.0,5.0,31.0,1.76,1.3,8.0,2.0,5.0,11.0,1.0,0.0,1.7615499999999997,1.30359,4.7695652173913041,6.9537453183520608,1.76,2,4.6217391304347819,6.6982725527831111,1.3100000000000003,3,A
12653992,2025-03-13,47465,Arema FC,86542,PS Barito Putera,4.0,2.0,12653992,45.0,55.0,298.0,383.0,248.0,316.0,10.0,21.0,32.0,44.0,18.0,8.0,2.0,3.0,12.0,4.0,3.09,1.44,3.0,2.0,17.0,19.0,0.0,0.0,3.0906429999999996,1.4377879999999998,4.2,6.9101202404809614,3.0900000000000003,7,4.6217391304347819,6.6129770992366419,1.44,3,H
12657417,2025-03-12,491968,Malut United FC,86576,Persita Tangerang,2.0,1.0,12657417,52.0,48.0,401.0,360.0,342.0,308.0,7.0,4.0,41.0,34.0,6.0,11.0,3.0,2.0,16.0,14.0,0.91,0.4,5.0,2.0,7.0,9.0,1.0,1.0,0.91164100000000015,0.40315699999999993,4.4695652173913043,6.8601357904946658,0.91000000000000014,3,4.5521739130434788,6.5843570057581582,0.41000000000000003,1,H
12653985,2025-03-12,76319,Persebaya Surabaya,189471,PSIS Semarang,1.0,1.0,12653985,47.0,53.0,328.0,343.0,266.0,282.0,16.0,11.0,32.0,37.0,17.0,17.0,6.0,4.0,7.0,14.0,3.83,1.06,7.0,3.0,15.0,11.0,1.0,0.0,3.8304770000000006,1.0628372000000001,4.8428571428571425,6.9067961165048546,3.84,1,5.45,6.8845708775313419,1.06,2,D
12653990,2025-03-11,64299,Bali United FC,266861,PSBS Biak,0.0,2.0,12653990,44.0,56.0,347.0,353.0,272.0,307.0,4.0,16.0,33.0,42.0,13.0,17.0,5.0,4.0,9.0,21.0,0.95,1.68,8.0,2.0,19.0,9.0,0.0,1.0,0.94961999999999991,1.6840760000000001,4.3521739130434778,6.6885068762278976,0.97000000000000008,0,5.1727272727272711,7.3004873294346977,1.69,3,A
12653988,2025-03-11,135866,Persik Kediri,135864,PSM Makassar,2.0,2.0,12653988,56.0,44.0,406.0,342.0,345.0,259.0,13.0,12.0,34.0,33.0,20.0,10.0,2.0,5.0,25.0,5.0,1.87,1.87,6.0,7.0,7.0,8.0,2.0,1.0,1.8740940000000001,1.8706869999999998,4.4904761904761905,6.7393410852713176,1.87,2,4.6913043478260867,6.7330134357005758,1.8800000000000001,2,D
12653991,2025-03-11,204733,PSS Sleman,200020,Persis Solo,1.0,4.0,12653991,56.0,44.0,396.0,304.0,324.0,243.0,8.0,20.0,37.0,40.0,9.0,5.0,1.0,0.0,11.0,11.0,0.94,1.83,5.0,8.0,19.0,10.0,4.0,3.0,0.93524000000000007,1.825844,5.175,6.5030985915492963,0.94,1,5.1000000000000005,7.1110481586402265,1.8099999999999998,5,A
12653994,2025-03-10,383891,Dewa United FC,189945,Borneo FC Samarinda,0.0,1.0,12653994,64.0,36.0,554.0,233.0,485.0,184.0,25.0,22.0,40.0,38.0,6.0,21.0,5.0,2.0,9.0,29.0,1.46,0.91,6.0,2.0,10.0,13.0,2.0,1.0,1.4626782,0.90863799999999972,4.9681818181818187,6.9034825870646763,1.47,0,4.3347826086956518,7.2166177908113394,0.91,2,A
12653979,2025-03-10,86066,Semen Padang FC,64289,Persib Bandung,1.0,4.0,12653979,47.0,53.0,325.0,392.0,281.0,345.0,14.0,13.0,37.0,36.0,8.0,15.0,4.0,4.0,21.0,6.0,1.31,2.51,2.0,4.0,6.0,6.0,0.0,3.0,1.3093284,2.50865,4.4526315789473676,6.4540806293018687,1.31,1,5.0047619047619047,7.0671153846153842,2.4899999999999998,8,A
12657418,2025-03-09,64295,Persija Jakarta,47465,Arema FC,1.0,3.0,12657418,35.0,65.0,267.0,520.0,202.0,459.0,12.0,19.0,46.0,44.0,16.0,12.0,1.0,5.0,19.0,14.0,0.21,2.43,3.0,7.0,8.0,11.0,2.0,1.0,0.207627,2.4307380000000003,4.5818181818181811,6.4386694386694376,0.21000000000000002,2,5.034782608695652,7.3651571164510177,2.4299999999999997,3,A
12654064,2025-03-08,86542,PS Barito Putera,491968,Malut United FC,1.0,1.0,12654064,63.0,37.0,436.0,242.0,371.0,199.0,10.0,11.0,36.0,34.0,9.0,20.0,3.0,5.0,20.0,14.0,1.29,1.03,3.0,4.0,15.0,7.0,1.0,1.0,1.2862414999999998,1.034297,4.0826086956521754,6.6644508670520235,1.2900000000000003,2,4.713043478260869,6.8246445497630344,1.03,2,D
12654058,2025-03-07,135864,PSM Makassar,76319,Persebaya Surabaya,0.0,1.0,12654058,63.0,37.0,411.0,244.0,299.0,163.0,10.0,4.0,41.0,28.0,12.0,24.0,4.0,6.0,6.0,27.0,0.93,1.43,8.0,4.0,9.0,16.0,1.0,2.0,0.928808,1.4259800000000002,4.7826086956521738,6.9248543689320394,0.93000000000000016,0,4.445,6.88813056379822,1.42,2,A
12654065,2025-03-07,86576,Persita Tangerang,204733,PSS Sleman,1.0,2.0,12654065,56.0,44.0,319.0,241.0,263.0,191.0,17.0,7.0,36.0,36.0,6.0,14.0,3.0,2.0,13.0,33.0,1.92,0.61,12.0,2.0,14.0,12.0,1.0,1.0,1.9206519999999998,0.613351,4.7043478260869565,6.8937198067632872,1.9200000000000002,1,5.7894736842105257,6.9674733785091973,0.62000000000000011,4,A
12654057,2025-03-06,266861,PSBS Biak,189945,Borneo FC Samarinda,1.0,0.0,12654057,44.0,56.0,303.0,390.0,239.0,317.0,33.0,17.0,37.0,31.0,12.0,18.0,2.0,3.0,10.0,18.0,1.16,1.17,5.0,1.0,13.0,13.0,1.0,0.0,1.1647750000000001,1.1739810000000002,4.6434782608695651,7.1104406130268192,1.17,2,4.6521739130434776,6.7441882804995208,1.1700000000000002,0,H
12654062,2025-03-06,200020,Persis Solo,64299,Bali United FC,2.0,2.0,12654062,58.0,42.0,307.0,256.0,255.0,188.0,17.0,6.0,41.0,34.0,20.0,10.0,5.0,2.0,15.0,25.0,2.38,1.94,9.0,0.0,8.0,20.0,0.0,3.0,2.3822109000000005,1.937001,4.8304347826086964,7.0640000000000009,2.3800000000000003,3,3.95,6.7297350343473985,1.9400000000000002,4,D
12654060,2025-03-05,64289,Persib Bandung,135866,Persik Kediri,4.0,1.0,12654060,49.0,51.0,299.0,266.0,244.0,216.0,16.0,8.0,43.0,39.0,6.0,7.0,2.0,0.0,10.0,15.0,1.65,0.87,5.0,3.0,13.0,8.0,3.0,0.0,1.6486279000000001,0.86653700000000011,4.9173913043478263,7.1095419847328243,1.65,8,5.14,6.4488483685220723,0.87,1,H
12654061,2025-03-05,64295,Persija Jakarta,189471,PSIS Semarang,,,12654061,61.0,39.0,441.0,296.0,370.0,239.0,11.0,20.0,43.0,36.0,11.0,20.0,3.0,3.0,22.0,19.0,2.01,1.17,6.0,10.0,12.0,7.0,2.0,0.0,2.005456,1.172839,4.6999999999999993,7.284302325581395,2.02,3,5.9388888888888882,6.72200956937799,1.1800000000000002,0,D
12654063,2025-03-05,383891,Dewa United FC,86066,Semen Padang FC,6.0,0.0,12654063,66.0,34.0,587.0,268.0,532.0,212.0,17.0,10.0,43.0,31.0,11.0,16.0,2.0,1.0,9.0,7.0,2.66,0.01,3.0,4.0,4.0,12.0,1.0,4.0,2.656826,0.00852,5.7799999999999994,7.48232971372162,2.6500000000000004,9,4.1549999999999994,5.9331954498448809,0.01,0,H
12657420,2025-03-04,491968,Malut United FC,47465,Arema FC,2.0,1.0,12657420,55.0,45.0,429.0,374.0,367.0,315.0,9.0,12.0,32.0,36.0,17.0,11.0,3.0,4.0,12.0,15.0,1.69,1.76,0.0,5.0,8.0,6.0,1.0,2.0,1.6865769999999998,1.76278,4.7652173913043478,7.0065686274509815,1.69,3,3.8478260869565215,6.7017733990147788,1.75,2,H
12654059,2025-03-03,204733,PSS Sleman,86542,PS Barito Putera,1.0,2.0,12654059,56.0,44.0,469.0,324.0,411.0,266.0,17.0,15.0,34.0,36.0,16.0,16.0,6.0,1.0,9.0,17.0,0.71,1.43,3.0,1.0,12.0,13.0,0.0,0.0,0.705419,1.427909,4.660869565217391,6.6853307766059453,0.71,2,4.7826086956521738,6.9596727622714152,1.4200000000000002,2,A
12654052,2025-03-02,64299,Bali United FC,86576,Persita Tangerang,1.0,1.0,12654052,49.0,51.0,250.0,268.0,191.0,209.0,27.0,6.0,43.0,34.0,9.0,26.0,8.0,5.0,17.0,17.0,1.76,2.36,6.0,10.0,12.0,18.0,1.0,0.0,1.7557940000000003,2.355781,4.4217391304347826,6.85281007751938,1.75,0,4.6913043478260867,6.8048525214081836,2.36,1,D
12654051,2025-03-02,189945,Borneo FC Samarinda,200020,Persis Solo,0.0,1.0,12654051,63.0,37.0,431.0,224.0,346.0,171.0,19.0,12.0,42.0,32.0,8.0,13.0,2.0,2.0,13.0,28.0,1.51,0.91,7.0,3.0,18.0,11.0,1.0,1.0,1.5068532,0.90915000000000012,4.8304347826086955,7.0741054613935965,1.5000000000000002,0,5.0454545454545441,7.00244131455399,0.92,1,A
12654055,2025-03-02,86578,Madura United FC,135864,PSM Makassar,1.0,3.0,12654055,53.0,47.0,414.0,326.0,344.0,253.0,25.0,12.0,42.0,32.0,18.0,15.0,4.0,0.0,9.0,15.0,1.24,1.79,3.0,4.0,5.0,12.0,0.0,0.0,1.237636,1.79001,4.41304347826087,6.7212355212355224,1.24,2,4.5434782608695654,7.04415458937198,1.7800000000000002,5,A
12654046,2025-03-01,135866,Persik Kediri,383891,Dewa United FC,1.0,2.0,12654046,59.0,41.0,444.0,375.0,389.0,317.0,26.0,8.0,44.0,31.0,14.0,20.0,10.0,1.0,6.0,19.0,0.85,0.62,6.0,5.0,8.0,14.0,1.0,1.0,0.85316920000000007,0.62410999999999994,4.7695652173913041,6.9005842259006815,0.85000000000000009,2,5.1349999999999989,6.9158560311284045,0.63000000000000012,4,A
12654054,2025-03-01,76319,Persebaya Surabaya,64289,Persib Bandung,4.0,1.0,12654054,45.0,55.0,288.0,370.0,229.0,307.0,17.0,20.0,41.0,37.0,14.0,14.0,7.0,3.0,19.0,22.0,1.45,0.67,7.0,6.0,7.0,7.0,0.0,2.0,1.4515711999999998,0.673279,4.595,7.079296875,1.4300000000000002,5,4.7545454545454549,6.5969523809523816,0.68,2,H
12654056,2025-03-01,86066,Semen Padang FC,266861,PSBS Biak,1.0,1.0,12654056,41.0,59.0,265.0,383.0,210.0,327.0,10.0,13.0,32.0,46.0,9.0,10.0,5.0,3.0,18.0,6.0,1.4,1.62,5.0,1.0,15.0,12.0,1.0,1.0,1.3954350999999998,1.615962,4.5,6.8012707722385146,1.38,2,5.1476190476190462,6.7830357142857132,1.61,1,D
12654050,2025-02-24,47465,Arema FC,189471,PSIS Semarang,2.0,2.0,12654050,48.0,52.0,300.0,355.0,220.0,273.0,21.0,16.0,41.0,31.0,24.0,12.0,2.0,3.0,23.0,13.0,1.69,1.64,8.0,3.0,12.0,15.0,2.0,1.0,1.69089,1.640535,3.6695652173913045,7.0449853943524827,1.6900000000000002,3,4.9555555555555557,6.90655105973025,1.6500000000000001,2,D
12654044,2025-02-24,86542,PS Barito Putera,64299,Bali United FC,3.0,1.0,12654044,48.0,52.0,273.0,308.0,206.0,239.0,13.0,18.0,34.0,41.0,29.0,19.0,3.0,5.0,17.0,14.0,0.88,1.47,2.0,1.0,16.0,4.0,0.0,2.0,0.877567,1.4657117999999998,4.5956521739130425,6.6634741784037566,0.88000000000000012,3,4.3565217391304349,6.6705714285714288,1.46,1,H
12654048,2025-02-23,135864,PSM Makassar,64295,Persija Jakarta,1.0,0.0,12654048,47.0,53.0,304.0,474.0,235.0,390.0,12.0,18.0,36.0,43.0,15.0,18.0,0.0,4.0,22.0,14.0,1.11,0.23,8.0,2.0,11.0,5.0,0.0,1.0,1.1059800000000002,0.22860000000000003,4.2913043478260873,7.1482960077896784,1.11,2,4.89090909090909,6.7382857142857135,0.23,0,H
12657421,2025-02-23,491968,Malut United FC,204733,PSS Sleman,1.0,0.0,12657421,50.0,50.0,347.0,384.0,291.0,317.0,14.0,13.0,35.0,39.0,6.0,16.0,2.0,2.0,14.0,12.0,0.9,0.85,5.0,2.0,14.0,6.0,5.0,1.0,0.897823,0.849607,5.1304347826086953,7.0239109390125849,0.89999999999999991,2,5.905263157894737,6.6488867376573078,0.84,0,H
12654049,2025-02-22,86576,Persita Tangerang,189945,Borneo FC Samarinda,1.0,2.0,12654049,48.0,52.0,343.0,403.0,279.0,336.0,16.0,12.0,39.0,35.0,7.0,8.0,6.0,1.0,13.0,11.0,1.24,1.69,7.0,2.0,10.0,19.0,0.0,3.0,1.238562,1.6867210000000001,4.6217391304347828,6.6769598470363292,1.25,1,4.7391304347826093,6.8724637681159422,1.69,2,A
12654053,2025-02-22,64289,Persib Bandung,86578,Madura United FC,0.0,0.0,12654053,57.0,43.0,419.0,328.0,349.0,272.0,12.0,14.0,38.0,35.0,8.0,17.0,1.0,2.0,8.0,15.0,1.53,0.24,9.0,0.0,11.0,9.0,0.0,0.0,1.5312092000000002,0.24495,3.6913043478260876,7.072011952191235,1.5299999999999998,0,4.4086956521739129,6.7821185617103987,0.25,0,D
12654042,2025-02-21,200020,Persis Solo,86066,Semen Padang FC,1.0,1.0,12654042,60.0,40.0,416.0,275.0,343.0,203.0,16.0,12.0,34.0,34.0,14.0,11.0,7.0,1.0,11.0,30.0,1.43,0.48,10.0,1.0,4.0,18.0,2.0,5.0,1.4294160000000002,0.475896,4.0347826086956511,7.1118627450980387,1.4199999999999997,2,5.0950000000000006,6.8539823008849554,0.47000000000000008,2,D
12654043,2025-02-21,266861,PSBS Biak,135866,Persik Kediri,1.0,1.0,12654043,49.0,51.0,339.0,375.0,271.0,310.0,27.0,17.0,45.0,35.0,20.0,24.0,2.0,7.0,8.0,32.0,2.83,0.7,7.0,4.0,11.0,13.0,0.0,1.0,2.8292051,0.69714900000000013,4.5956521739130434,7.0683187560738592,2.82,2,5.01818181818182,6.9799807507218485,0.7,2,D
12654047,2025-02-21,383891,Dewa United FC,76319,Persebaya Surabaya,2.0,0.0,12654047,59.0,41.0,630.0,364.0,568.0,307.0,18.0,22.0,42.0,35.0,9.0,16.0,3.0,3.0,13.0,8.0,1.4,1.44,5.0,5.0,6.0,13.0,1.0,2.0,1.40334,1.443904,5.3500000000000005,7.23415112855741,1.4000000000000001,4,5.0649999999999995,6.7939782823297126,1.44,0,H
12654041,2025-02-17,47465,Arema FC,204733,PSS Sleman,6.0,2.0,12654041,59.0,41.0,338.0,207.0,275.0,141.0,23.0,17.0,39.0,37.0,8.0,15.0,6.0,1.0,16.0,23.0,3.56,0.94,7.0,4.0,18.0,12.0,0.0,3.0,3.558962,0.9422600000000001,5.0260869565217412,7.346111111111111,3.5700000000000003,7,4.8666666666666663,6.4228440366972483,0.94000000000000006,3,H
12654045,2025-02-17,64299,Bali United FC,491968,Malut United FC,1.0,1.0,12654045,59.0,41.0,381.0,218.0,324.0,179.0,20.0,15.0,45.0,34.0,12.0,14.0,4.0,1.0,14.0,19.0,0.46,0.59,4.0,4.0,13.0,14.0,1.0,0.0,0.455781,0.5877371,4.0318181818181813,6.7853146853146846,0.45,2,4.7391304347826084,6.8662674650698605,0.59000000000000008,1,D
12654037,2025-02-16,64295,Persija Jakarta,64289,Persib Bandung,2.0,2.0,12654037,52.0,48.0,334.0,304.0,275.0,254.0,15.0,20.0,34.0,44.0,13.0,10.0,4.0,3.0,4.0,15.0,1.17,0.76,5.0,6.0,11.0,9.0,0.0,2.0,1.1687980000000002,0.75749600000000006,5.1190476190476186,6.7665722379603395,1.1700000000000002,3,4.9272727272727268,6.853422053231939,0.77,3,D
12654035,2025-02-16,189945,Borneo FC Samarinda,86542,PS Barito Putera,2.0,1.0,12654035,57.0,43.0,387.0,250.0,326.0,203.0,10.0,11.0,33.0,30.0,10.0,12.0,4.0,2.0,6.0,26.0,1.71,0.81,7.0,2.0,17.0,14.0,0.0,2.0,1.707482,0.8067791,4.3863636363636367,6.9414728682170539,1.7100000000000002,2,4.3347826086956527,6.6181646168401143,0.79999999999999993,2,H
12654040,2025-02-16,189471,PSIS Semarang,135864,PSM Makassar,1.0,1.0,12654040,46.0,54.0,268.0,340.0,212.0,257.0,15.0,21.0,38.0,38.0,11.0,22.0,1.0,3.0,23.0,10.0,0.57,2.1,2.0,12.0,13.0,12.0,1.0,3.0,0.571013,2.09658,4.4608695652173909,6.8514975845410619,0.57,2,4.9047619047619051,6.8935922330097084,2.0999999999999992,1,D
12654036,2025-02-15,86578,Madura United FC,383891,Dewa United FC,3.0,1.0,12654036,37.0,63.0,226.0,442.0,179.0,383.0,9.0,11.0,38.0,40.0,16.0,11.0,0.0,3.0,21.0,3.0,0.46,1.44,0.0,7.0,8.0,14.0,4.0,1.0,0.45752,1.441306,3.8913043478260874,6.9317540322580644,0.45,5,4.7333333333333343,6.6811594202898554,1.4500000000000002,1,H
12654027,2025-02-15,76319,Persebaya Surabaya,266861,PSBS Biak,1.0,0.0,12654027,51.0,49.0,345.0,340.0,280.0,274.0,23.0,17.0,38.0,36.0,15.0,11.0,0.0,0.0,10.0,14.0,0.56,1.18,4.0,1.0,10.0,15.0,1.0,1.0,0.556136,1.17719,4.52,7.0096837944664037,0.55,2,5.3950000000000005,6.7686653771760144,1.18,0,H
12657422,2025-02-14,86066,Semen Padang FC,86576,Persita Tangerang,2.0,0.0,12657422,46.0,54.0,306.0,370.0,246.0,308.0,2.0,11.0,27.0,37.0,13.0,14.0,4.0,0.0,19.0,13.0,0.73,1.17,2.0,3.0,12.0,20.0,0.0,1.0,0.72620999999999991,1.1689580000000002,4.2434782608695647,7.0345057034220533,0.73000000000000009,2,4.6260869565217391,6.6529197080291977,1.1800000000000002,0,H
12654032,2025-02-14,135866,Persik Kediri,200020,Persis Solo,0.0,0.0,12654032,42.0,58.0,124.0,263.0,88.0,212.0,10.0,13.0,33.0,52.0,10.0,5.0,1.0,8.0,19.0,19.0,1.47,1.02,5.0,3.0,10.0,19.0,1.0,0.0,1.4684400000000002,1.015387,4.6086956521739122,6.9055443548387094,1.4600000000000002,0,4.8045454545454565,6.6537205081669688,1.01,0,D
12808504,2025-02-10,47465,Arema FC,135864,PSM Makassar,1.0,1.0,12808504,55.0,45.0,486.0,355.0,415.0,275.0,12.0,16.0,37.0,43.0,24.0,18.0,2.0,2.0,15.0,21.0,1.78,0.37,3.0,2.0,9.0,6.0,1.0,0.0,1.776486,0.372965,4.3086956521739133,7.0968992248062008,1.77,2,4.7956521739130418,6.9862298195631523,0.37,2,D
12657424,2025-02-10,491968,Malut United FC,189945,Borneo FC Samarinda,3.0,0.0,12657424,41.0,59.0,274.0,430.0,225.0,360.0,11.0,13.0,33.0,39.0,13.0,14.0,3.0,4.0,25.0,7.0,1.81,1.35,3.0,12.0,16.0,8.0,2.0,1.0,1.809707,1.3459155999999999,4.9043478260869557,7.1631232361241777,1.8100000000000003,3,4.9904761904761905,6.6531573986804906,1.3500000000000003,0,H
12657426,2025-02-09,204733,PSS Sleman,64299,Bali United FC,1.0,2.0,12657426,59.0,41.0,397.0,309.0,331.0,230.0,16.0,11.0,42.0,35.0,18.0,13.0,8.0,3.0,6.0,11.0,1.4,0.98,5.0,5.0,15.0,23.0,2.0,1.0,1.4011501000000002,0.9833971,4.4086956521739138,6.7854932301740813,1.3900000000000001,1,4.678260869565217,6.7630372492836672,0.99,3,A
12657425,2025-02-09,189471,PSIS Semarang,64289,Persib Bandung,0.0,1.0,12657425,67.0,33.0,529.0,219.0,465.0,175.0,17.0,22.0,43.0,38.0,5.0,12.0,6.0,3.0,10.0,18.0,0.58,1.26,5.0,6.0,10.0,11.0,0.0,1.0,0.5768421,1.263061,4.7521739130434781,6.9084615384615384,0.57000000000000006,0,4.704545454545455,7.001930894308944,1.25,2,A
12657428,2025-02-08,86542,PS Barito Putera,86066,Semen Padang FC,2.0,1.0,12657428,45.0,55.0,289.0,345.0,240.0,284.0,10.0,15.0,38.0,35.0,14.0,8.0,3.0,0.0,20.0,10.0,2.19,0.68,5.0,0.0,13.0,16.0,0.0,0.0,2.1865866,0.681952,4.8826086956521735,7.109519230769231,2.19,4,5.6157894736842096,6.73224880382775,0.67999999999999994,2,H
12657429,2025-02-08,86578,Madura United FC,266861,PSBS Biak,0.0,0.0,12657429,55.0,45.0,398.0,255.0,346.0,196.0,31.0,22.0,40.0,39.0,13.0,12.0,3.0,1.0,13.0,20.0,1.1,0.97,4.0,5.0,15.0,15.0,1.0,1.0,1.0952439999999999,0.96923100000000006,4.8347826086956518,7.06630963972736,1.08,0,4.6,6.975568743818001,0.96,0,D
12657427,2025-02-08,383891,Dewa United FC,64295,Persija Jakarta,2.0,1.0,12657427,76.0,24.0,605.0,182.0,552.0,143.0,21.0,14.0,43.0,35.0,6.0,18.0,3.0,2.0,7.0,20.0,3.06,1.21,3.0,5.0,11.0,10.0,1.0,0.0,3.061559,1.205929,4.57,7.0941176470588232,3.05,2,4.85,6.7273593898951383,1.2000000000000002,2,H
12657430,2025-02-07,86576,Persita Tangerang,135866,Persik Kediri,1.0,0.0,12657430,31.0,69.0,241.0,451.0,168.0,378.0,10.0,34.0,31.0,43.0,15.0,8.0,3.0,4.0,23.0,11.0,0.43,0.74,5.0,7.0,12.0,11.0,3.0,0.0,0.42569500000000005,0.7388309999999999,4.4521739130434774,6.9430622009569367,0.42,1,5.1409090909090915,7.2043726235741445,0.7400000000000001,0,H
12657431,2025-02-07,200020,Persis Solo,76319,Persebaya Surabaya,2.0,1.0,12657431,59.0,41.0,459.0,221.0,401.0,166.0,21.0,9.0,41.0,27.0,12.0,13.0,5.0,1.0,15.0,10.0,0.99,1.26,3.0,4.0,6.0,11.0,0.0,1.0,0.992407,1.2564440000000001,4.7999999999999989,6.9769523809523806,0.98,2,4.3809523809523805,6.5932459677419342,1.2600000000000002,1,H
12657433,2025-02-03,47465,Arema FC,64299,Bali United FC,1.0,0.0,12657433,55.0,45.0,320.0,261.0,266.0,190.0,17.0,17.0,35.0,31.0,16.0,8.0,3.0,4.0,25.0,20.0,0.94,1.94,6.0,3.0,14.0,15.0,0.0,1.0,0.94426,1.9430246,4.8565217391304349,7.0945558739255015,0.94000000000000006,2,4.3521739130434778,6.6784946236559142,1.9500000000000002,0,H
12657432,2025-02-03,189471,PSIS Semarang,383891,Dewa United FC,1.0,4.0,12657432,32.0,68.0,259.0,704.0,206.0,655.0,12.0,7.0,40.0,36.0,13.0,12.0,3.0,4.0,12.0,15.0,2.36,1.74,5.0,4.0,3.0,9.0,3.0,1.0,2.36248,1.7410850000000002,4.5565217391304351,6.5097087378640772,2.35,2,5.4450000000000012,7.48894324853229,1.74,8,A
12657434,2025-02-02,86066,Semen Padang FC,491968,Malut United FC,1.0,1.0,12657434,47.0,53.0,341.0,418.0,282.0,358.0,8.0,15.0,34.0,37.0,14.0,17.0,1.0,3.0,8.0,10.0,0.76,0.52,4.0,1.0,13.0,6.0,1.0,0.0,0.75550800000000007,0.522545,4.0956521739130443,6.7721568627450983,0.76000000000000012,2,4.7521739130434781,6.8003842459173871,0.52,2,D
12657437,2025-02-02,189945,Borneo FC Samarinda,204733,PSS Sleman,1.0,0.0,12657437,52.0,48.0,331.0,295.0,280.0,242.0,6.0,8.0,28.0,42.0,21.0,6.0,4.0,6.0,31.0,23.0,0.97,1.84,3.0,3.0,19.0,12.0,1.0,1.0,0.9745115,1.8419651,4.2217391304347824,7.1508032128514065,0.9700000000000002,2,6.1444444444444439,6.9911368015414252,1.84,0,H
12657435,2025-02-02,64295,Persija Jakarta,266861,PSBS Biak,2.0,2.0,12657435,62.0,38.0,448.0,198.0,382.0,153.0,10.0,13.0,34.0,40.0,6.0,13.0,1.0,2.0,11.0,17.0,1.75,0.54,9.0,4.0,15.0,9.0,0.0,1.0,1.7547811,0.535609,4.871428571428571,6.8379278445883438,1.75,4,4.8090909090909095,6.7014381591562806,0.53,3,D
12657438,2025-02-01,86578,Madura United FC,200020,Persis Solo,2.0,0.0,12657438,42.0,58.0,276.0,362.0,210.0,279.0,11.0,24.0,34.0,34.0,22.0,13.0,2.0,2.0,17.0,6.0,2.3,0.43,2.0,3.0,12.0,22.0,0.0,2.0,2.2985700000000002,0.428496,4.7227272727272718,6.9237775647171622,2.29,3,4.8136363636363635,6.7004770992366414,0.42000000000000004,0,H
12657436,2025-02-01,64289,Persib Bandung,135864,PSM Makassar,1.0,0.0,12657436,63.0,37.0,510.0,278.0,439.0,218.0,14.0,9.0,38.0,36.0,4.0,16.0,2.0,1.0,11.0,16.0,1.3,0.7,3.0,7.0,3.0,6.0,1.0,0.0,1.296039,0.69846,4.5782608695652183,7.1161100196463654,1.29,2,4.6956521739130439,6.7704280155642023,0.70000000000000007,0,H
12657440,2025-01-31,135866,Persik Kediri,86542,PS Barito Putera,1.0,1.0,12657440,54.0,46.0,314.0,240.0,237.0,171.0,31.0,8.0,43.0,36.0,13.0,16.0,4.0,2.0,8.0,10.0,1.35,0.31,3.0,6.0,13.0,12.0,4.0,2.0,1.3507691,0.305985,5.2952380952380942,7.0350239234449754,1.3400000000000003,1,4.6043478260869568,6.6658722592945656,0.31,2,D
12657439,2025-01-31,76319,Persebaya Surabaya,86576,Persita Tangerang,1.0,1.0,12657439,52.0,48.0,405.0,394.0,326.0,330.0,26.0,7.0,45.0,30.0,16.0,29.0,5.0,1.0,7.0,30.0,1.41,0.5,9.0,3.0,10.0,8.0,1.0,2.0,1.405617,0.503142,5.3142857142857141,6.9640038498556311,1.4,0,4.4304347826086969,6.8542995169082124,0.5,2,D
12657442,2025-01-28,64299,Bali United FC,189945,Borneo FC Samarinda,3.0,2.0,12657442,35.0,65.0,205.0,345.0,144.0,279.0,12.0,10.0,35.0,34.0,12.0,7.0,0.0,1.0,21.0,9.0,2.84,1.38,3.0,2.0,13.0,12.0,2.0,0.0,2.83786,1.382264,4.4904761904761905,6.7362389813907928,2.84,5,4.32857142857143,6.4729838709677416,1.3800000000000001,2,H
12657441,2025-01-27,383891,Dewa United FC,135864,PSM Makassar,3.0,2.0,12657441,68.0,32.0,585.0,246.0,509.0,180.0,28.0,10.0,48.0,28.0,11.0,21.0,7.0,0.0,5.0,17.0,3.46,1.03,9.0,0.0,9.0,10.0,1.0,0.0,3.46386,1.03109,4.6899999999999995,7.24295566502463,3.45,6,4.5434782608695654,6.5200000000000005,1.03,2,H
12657445,2025-01-26,266861,PSBS Biak,189471,PSIS Semarang,1.0,3.0,12657445,61.0,39.0,448.0,293.0,373.0,230.0,24.0,18.0,42.0,36.0,12.0,20.0,7.0,2.0,2.0,20.0,1.13,1.26,7.0,0.0,12.0,9.0,0.0,1.0,1.129869,1.2641202,4.8190476190476188,6.7581171950048029,1.12,2,5.8499999999999988,6.9964491362763921,1.26,4,A
12657444,2025-01-26,204733,PSS Sleman,86066,Semen Padang FC,2.0,4.0,12657444,43.0,57.0,338.0,414.0,279.0,348.0,11.0,13.0,39.0,33.0,9.0,18.0,4.0,1.0,10.0,8.0,3.9,1.27,5.0,7.0,4.0,9.0,0.0,1.0,3.900954,1.27156,4.6565217391304357,6.6938317757009349,3.88,3,4.6949999999999994,6.970905587668593,1.27,6,A
12657443,2025-01-26,200020,Persis Solo,64295,Persija Jakarta,3.0,3.0,12657443,50.0,50.0,291.0,322.0,243.0,266.0,18.0,8.0,41.0,32.0,13.0,14.0,3.0,0.0,23.0,17.0,1.58,0.82,1.0,8.0,8.0,17.0,1.0,1.0,1.5783036999999998,0.82398,4.1090909090909093,6.9651485148514851,1.5799999999999998,6,4.3599999999999994,6.7637755102040815,0.82,6,D
12657449,2025-01-25,491968,Malut United FC,135866,Persik Kediri,2.0,1.0,12657449,53.0,47.0,394.0,309.0,329.0,246.0,18.0,14.0,38.0,36.0,8.0,15.0,5.0,3.0,10.0,9.0,2.91,1.18,3.0,0.0,15.0,11.0,1.0,1.0,2.9071849999999997,1.1814304,4.1173913043478265,6.7829766536964975,2.91,2,4.831818181818182,6.694230769230769,1.18,1,H
12657446,2025-01-25,86542,PS Barito Putera,76319,Persebaya Surabaya,3.0,0.0,12657446,42.0,58.0,309.0,398.0,257.0,342.0,14.0,34.0,28.0,44.0,12.0,16.0,3.0,4.0,14.0,13.0,2.13,1.05,4.0,5.0,11.0,13.0,2.0,1.0,2.125686,1.0510709999999999,5.0260869565217385,7.3825,2.1299999999999994,6,4.9857142857142858,7.0462500000000006,1.04,0,H
12657448,2025-01-24,47465,Arema FC,64289,Persib Bandung,1.0,3.0,12657448,53.0,47.0,397.0,352.0,330.0,287.0,15.0,13.0,43.0,40.0,17.0,14.0,6.0,3.0,16.0,16.0,1.72,1.24,4.0,5.0,7.0,15.0,2.0,2.0,1.7171231,1.24015,4.6391304347826088,6.6571155682903527,1.73,2,5.1952380952380945,6.8403441682600379,1.2399999999999998,4,A
12657447,2025-01-24,86576,Persita Tangerang,86578,Madura United FC,1.0,1.0,12657447,49.0,51.0,384.0,335.0,328.0,289.0,6.0,17.0,36.0,41.0,12.0,13.0,6.0,10.0,12.0,17.0,1.29,2.19,2.0,4.0,10.0,23.0,3.0,0.0,1.2854034,2.191841,4.4173913043478255,6.845339805825243,1.28,2,4.1913043478260867,6.9125490196078445,2.2,1,D
12657451,2025-01-20,86066,Semen Padang FC,64299,Bali United FC,1.0,5.0,12657451,48.0,52.0,257.0,319.0,214.0,265.0,15.0,25.0,37.0,35.0,11.0,5.0,4.0,1.0,15.0,18.0,1.75,2.71,6.0,5.0,9.0,18.0,0.0,3.0,1.748775,2.7072899999999995,4.2363636363636363,6.2143153526970956,1.75,1,4.6347826086956507,7.19235912129895,2.71,8,A
12657450,2025-01-20,189471,PSIS Semarang,200020,Persis Solo,1.0,2.0,12657450,52.0,48.0,319.0,316.0,218.0,215.0,27.0,15.0,40.0,38.0,23.0,29.0,1.0,0.0,15.0,24.0,1.1,2.07,5.0,3.0,17.0,26.0,3.0,3.0,1.0974545,2.06617,4.3130434782608686,6.5454883720930237,1.1,2,5.0545454545454547,6.9986388384755,2.07,2,A
12657454,2025-01-19,135866,Persik Kediri,204733,PSS Sleman,0.0,0.0,12657454,56.0,44.0,258.0,223.0,171.0,149.0,28.0,10.0,43.0,33.0,20.0,22.0,0.0,2.0,16.0,27.0,0.48,1.24,1.0,6.0,17.0,19.0,3.0,0.0,0.4798189,1.2428210000000002,4.5434782608695645,7.0637764932562606,0.47,0,5.2095238095238088,6.8786869647954321,1.25,0,D
12657453,2025-01-19,189945,Borneo FC Samarinda,47465,Arema FC,3.0,1.0,12657453,49.0,51.0,345.0,356.0,288.0,293.0,19.0,21.0,41.0,41.0,18.0,13.0,4.0,1.0,27.0,15.0,2.95,1.13,2.0,5.0,14.0,7.0,3.0,2.0,2.95217,1.12779,4.95,7.4069676153091262,2.9600000000000004,6,4.6217391304347819,6.6816666666666658,1.1300000000000001,1,H
12657452,2025-01-19,64295,Persija Jakarta,86576,Persita Tangerang,2.0,0.0,12657452,58.0,42.0,462.0,307.0,400.0,253.0,14.0,9.0,30.0,44.0,20.0,6.0,5.0,1.0,11.0,13.0,2.1,1.24,6.0,5.0,14.0,2.0,1.0,1.0,2.1014422,1.2388199999999998,5.3761904761904757,7.1632395732298741,2.11,4,4.2434782608695647,6.44907677356657,1.24,0,H
12657456,2025-01-18,135864,PSM Makassar,266861,PSBS Biak,1.0,1.0,12657456,52.0,48.0,322.0,309.0,241.0,235.0,17.0,19.0,33.0,40.0,19.0,19.0,4.0,3.0,3.0,28.0,1.06,0.85,5.0,3.0,9.0,10.0,1.0,1.0,1.062932,0.85491000000000006,4.963636363636363,6.8690196078431374,1.06,2,5.1761904761904756,6.8537560975609759,0.85000000000000009,2,D
12657455,2025-01-18,86578,Madura United FC,86542,PS Barito Putera,2.0,4.0,12657455,59.0,41.0,479.0,313.0,424.0,265.0,17.0,18.0,39.0,37.0,11.0,24.0,2.0,0.0,12.0,19.0,1.2,1.25,2.0,4.0,8.0,15.0,0.0,1.0,1.204434,1.2470439,4.2608695652173916,6.5477756286266917,1.1900000000000002,3,4.804347826086957,7.0654545454545445,1.24,7,A
12657458,2025-01-17,76319,Persebaya Surabaya,491968,Malut United FC,0.0,2.0,12657458,49.0,51.0,342.0,346.0,284.0,286.0,17.0,14.0,41.0,31.0,12.0,12.0,4.0,0.0,16.0,28.0,2.18,1.8,8.0,8.0,10.0,10.0,1.0,1.0,2.1761485,1.7980749999999999,4.2285714285714295,6.8355932203389829,2.1699999999999995,0,4.2304347826086959,7.0390748031496058,1.82,1,A
12657457,2025-01-17,64289,Persib Bandung,383891,Dewa United FC,0.0,2.0,12657457,39.0,61.0,279.0,479.0,227.0,421.0,11.0,14.0,31.0,44.0,10.0,10.0,1.0,1.0,14.0,16.0,0.74,0.99,7.0,3.0,9.0,8.0,2.0,1.0,0.744462,0.993231,4.7272727272727275,6.5452173913043481,0.75,0,4.8950000000000014,7.0380530973451325,1.0,3,A
12657459,2025-01-14,189945,Borneo FC Samarinda,86066,Semen Padang FC,1.0,3.0,12657459,58.0,42.0,417.0,373.0,344.0,318.0,21.0,18.0,42.0,33.0,17.0,11.0,5.0,7.0,13.0,28.0,1.49,2.37,10.0,2.0,11.0,11.0,0.0,1.0,1.489519,2.367721,4.5956521739130443,6.6322677322677315,1.5,2,5.127272727272727,7.0950048030739667,2.359999999999999,6,A
12657462,2025-01-13,200020,Persis Solo,135864,PSM Makassar,0.0,1.0,12657462,49.0,51.0,282.0,303.0,214.0,233.0,8.0,22.0,43.0,35.0,6.0,11.0,1.0,7.0,30.0,17.0,0.85,1.47,2.0,14.0,10.0,12.0,1.0,0.0,0.853415,1.466368,4.6434782608695642,6.91157786885246,0.84,0,4.9391304347826077,7.2697318007662828,1.4600000000000002,2,A
12657461,2025-01-12,86576,Persita Tangerang,189471,PSIS Semarang,2.0,1.0,12657461,48.0,52.0,382.0,416.0,335.0,358.0,19.0,14.0,33.0,35.0,19.0,14.0,0.0,3.0,23.0,15.0,1.31,1.14,6.0,7.0,10.0,7.0,2.0,0.0,1.31045,1.1429030000000002,4.9043478260869557,7.213671128107074,1.32,4,5.583333333333333,6.6656435643564347,1.1400000000000001,1,H
12657460,2025-01-12,64299,Bali United FC,135866,Persik Kediri,1.0,3.0,12657460,43.0,57.0,309.0,409.0,236.0,351.0,20.0,16.0,42.0,35.0,16.0,20.0,5.0,7.0,8.0,24.0,1.43,1.52,8.0,1.0,11.0,7.0,1.0,0.0,1.4258916,1.5244445,4.9136363636363631,6.7955109837631333,1.42,2,4.5608695652173923,7.017799043062201,1.53,3,A
12657466,2025-01-11,266861,PSBS Biak,64289,Persib Bandung,1.0,1.0,12657466,52.0,48.0,432.0,321.0,363.0,272.0,23.0,9.0,45.0,31.0,23.0,16.0,8.0,3.0,6.0,17.0,2.4,0.56,8.0,1.0,8.0,7.0,2.0,0.0,2.401666,0.560825,5.55,6.9893496701225262,2.4099999999999997,1,4.905263157894737,6.6729353233830846,0.56,1,D
12657464,2025-01-11,204733,PSS Sleman,76319,Persebaya Surabaya,3.0,1.0,12657464,42.0,58.0,239.0,341.0,201.0,292.0,22.0,20.0,38.0,36.0,12.0,4.0,2.0,5.0,22.0,5.0,0.76,1.71,1.0,5.0,14.0,16.0,1.0,1.0,0.7583383,1.7145299999999999,4.8173913043478249,7.0977164605137952,0.76,5,5.0285714285714285,6.5840000000000005,1.7200000000000002,1,H
12657463,2025-01-11,383891,Dewa United FC,47465,Arema FC,2.0,0.0,12657463,54.0,46.0,519.0,406.0,459.0,343.0,15.0,24.0,40.0,40.0,12.0,18.0,2.0,1.0,16.0,4.0,1.59,1.16,5.0,5.0,6.0,11.0,4.0,4.0,1.5883559999999999,1.16412,4.975,7.2620078740157483,1.59,4,4.1913043478260876,6.9560157790927031,1.1600000000000001,0,H
12657465,2025-01-10,86542,PS Barito Putera,64295,Persija Jakarta,2.0,3.0,12657465,35.0,65.0,287.0,598.0,237.0,542.0,7.0,5.0,31.0,28.0,13.0,3.0,2.0,2.0,7.0,8.0,0.86,1.48,2.0,2.0,7.0,15.0,0.0,1.0,0.857651,1.480863,4.44782608695652,6.5450459652706829,0.85000000000000009,4,4.6590909090909092,6.8629921259842526,1.47,3,A
12657467,2025-01-10,491968,Malut United FC,86578,Madura United FC,0.0,1.0,12657467,58.0,42.0,422.0,264.0,335.0,203.0,22.0,21.0,42.0,38.0,12.0,16.0,2.0,2.0,3.0,31.0,0.99,1.3,9.0,4.0,14.0,11.0,1.0,0.0,0.987069,1.2985533,4.7739130434782613,6.9045675413022343,0.98,0,3.8090909090909095,6.9726095617529884,1.3,1,A
13184021,2025-01-07,64299,Bali United FC,64289,Persib Bandung,1.0,1.0,13184021,42.0,58.0,190.0,332.0,138.0,271.0,10.0,8.0,32.0,40.0,10.0,12.0,1.0,3.0,29.0,11.0,1.29,0.74,3.0,6.0,17.0,3.0,0.0,0.0,1.287254,0.7360552,4.6652173913043473,6.78426013195099,1.29,2,4.5099999999999989,6.9578017664376839,0.73,2,D
12657468,2024-12-29,86576,Persita Tangerang,135864,PSM Makassar,2.0,1.0,12657468,46.0,54.0,259.0,362.0,210.0,277.0,14.0,24.0,40.0,36.0,16.0,10.0,2.0,5.0,33.0,8.0,1.1,2.45,1.0,12.0,6.0,12.0,0.0,0.0,1.104462,2.4519746000000002,5.0318181818181822,6.9641819941916756,1.0999999999999999,4,4.7782608695652176,6.9078725398313034,2.4599999999999995,1,H
12657470,2024-12-29,200020,Persis Solo,64289,Persib Bandung,0.0,1.0,12657470,48.0,52.0,312.0,324.0,251.0,250.0,14.0,12.0,42.0,38.0,14.0,14.0,4.0,1.0,10.0,18.0,1.14,1.77,8.0,8.0,11.0,18.0,2.0,0.0,1.140096,1.77471,4.1782608695652179,6.9027370478983379,1.1400000000000001,0,4.2565217391304353,6.9667641325536067,1.77,2,A
12657469,2024-12-29,86542,PS Barito Putera,189471,PSIS Semarang,0.0,0.0,12657469,61.0,39.0,516.0,293.0,456.0,235.0,16.0,7.0,36.0,42.0,10.0,14.0,3.0,3.0,11.0,9.0,1.68,0.46,7.0,3.0,20.0,3.0,4.0,0.0,1.6793976,0.4551128,4.2608695652173916,7.03615763546798,1.68,0,5.394444444444443,6.9936945812807876,0.45999999999999996,0,D
12657472,2024-12-28,491968,Malut United FC,64295,Persija Jakarta,0.0,1.0,12657472,59.0,41.0,368.0,300.0,304.0,239.0,33.0,8.0,49.0,35.0,4.0,8.0,6.0,1.0,6.0,27.0,0.89,0.2,11.0,4.0,15.0,17.0,1.0,2.0,0.88635750000000013,0.19737,4.7913043478260873,6.8837967401725786,0.89000000000000012,0,4.8681818181818182,6.7652631578947364,0.19,1,A
12657473,2024-12-28,266861,PSBS Biak,383891,Dewa United FC,3.0,1.0,12657473,36.0,64.0,272.0,493.0,199.0,418.0,24.0,22.0,33.0,44.0,23.0,16.0,0.0,6.0,27.0,11.0,2.18,1.63,1.0,12.0,16.0,7.0,0.0,1.0,2.184839,1.6334609999999998,4.9217391304347826,7.16370582617001,2.18,4,4.6818181818181825,6.8833655705996124,1.62,2,H
12657471,2024-12-28,64299,Bali United FC,76319,Persebaya Surabaya,2.0,0.0,12657471,45.0,55.0,260.0,284.0,200.0,223.0,14.0,21.0,33.0,42.0,9.0,8.0,2.0,2.0,22.0,14.0,1.34,0.93,7.0,11.0,22.0,12.0,1.0,0.0,1.343507,0.92950290000000013,4.5130434782608688,7.0312315270935954,1.35,2,5.0499999999999989,6.7910256410256409,0.93,0,H
12657476,2024-12-27,86066,Semen Padang FC,47465,Arema FC,1.0,2.0,12657476,51.0,49.0,368.0,324.0,304.0,274.0,28.0,19.0,43.0,38.0,18.0,15.0,4.0,2.0,14.0,16.0,1.25,1.63,9.0,1.0,7.0,11.0,0.0,2.0,1.253659,1.6332639999999998,4.4913043478260866,6.9242829827915875,1.2500000000000002,2,4.9954545454545451,6.9365439093484413,1.6300000000000001,3,A
12657475,2024-12-27,189945,Borneo FC Samarinda,135866,Persik Kediri,0.0,4.0,12657475,57.0,43.0,371.0,269.0,305.0,213.0,17.0,18.0,35.0,41.0,10.0,17.0,3.0,1.0,8.0,19.0,1.51,1.17,7.0,3.0,12.0,9.0,3.0,1.0,1.5053910000000001,1.1705451999999998,4.4130434782608683,6.4491935483870968,1.5099999999999998,0,5.1454545454545446,7.1993383742911154,1.1600000000000001,6,A
12657474,2024-12-27,204733,PSS Sleman,86578,Madura United FC,4.0,0.0,12657474,32.0,68.0,221.0,443.0,182.0,390.0,13.0,17.0,33.0,49.0,14.0,12.0,0.0,5.0,7.0,8.0,1.72,1.5,1.0,3.0,26.0,10.0,1.0,2.0,1.7197200000000001,1.5007540000000001,4.8739130434782609,7.1344402277039842,1.7300000000000002,7,4.58695652173913,6.5990467111534805,1.49,0,H
12657479,2024-12-22,189471,PSIS Semarang,491968,Malut United FC,1.0,3.0,12657479,60.0,40.0,459.0,347.0,377.0,284.0,22.0,13.0,42.0,34.0,12.0,14.0,5.0,2.0,14.0,18.0,0.78,1.98,5.0,7.0,10.0,11.0,0.0,1.0,0.77583599999999986,1.9819339999999999,4.2272727272727275,6.5941348973607035,0.78,2,4.8173913043478249,6.9533460803059262,1.99,4,A
12657480,2024-12-22,135864,PSM Makassar,86542,PS Barito Putera,3.0,2.0,12657480,52.0,48.0,358.0,307.0,297.0,244.0,12.0,13.0,38.0,40.0,17.0,20.0,5.0,4.0,9.0,20.0,2.34,2.42,3.0,2.0,9.0,9.0,0.0,2.0,2.3380669999999997,2.4242179999999998,4.209090909090909,7.1876470588235293,2.3499999999999996,5,4.0608695652173923,6.645107632093934,2.43,2,H
12657477,2024-12-22,64289,Persib Bandung,86576,Persita Tangerang,3.0,1.0,12657477,55.0,45.0,422.0,288.0,371.0,248.0,17.0,10.0,38.0,39.0,3.0,17.0,5.0,2.0,4.0,18.0,1.85,0.42,15.0,3.0,8.0,5.0,1.0,0.0,1.8485806000000002,0.41911200000000004,4.247826086956521,7.0180136319376825,1.86,3,4.52608695652174,6.4660487804878048,0.42000000000000004,2,H
12657484,2024-12-21,135866,Persik Kediri,86066,Semen Padang FC,3.0,1.0,12657484,72.0,28.0,474.0,171.0,411.0,109.0,19.0,13.0,43.0,36.0,12.0,11.0,5.0,1.0,8.0,10.0,1.93,0.24,9.0,2.0,9.0,15.0,0.0,0.0,1.9338799999999998,0.23726999999999998,5.1409090909090907,7.2173040152963663,1.9200000000000002,5,5.3388888888888886,6.4242299794661193,0.24,2,H
12657482,2024-12-21,47465,Arema FC,266861,PSBS Biak,3.0,2.0,12657482,46.0,54.0,259.0,329.0,206.0,259.0,27.0,21.0,33.0,45.0,18.0,13.0,2.0,2.0,23.0,21.0,1.76,1.42,4.0,5.0,13.0,14.0,0.0,2.0,1.7553649999999998,1.417811,4.9590909090909081,6.8985032740879326,1.7599999999999998,3,5.3850000000000016,6.756822429906542,1.4100000000000001,4,H
12657481,2024-12-21,64295,Persija Jakarta,204733,PSS Sleman,3.0,1.0,12657481,70.0,30.0,480.0,222.0,422.0,168.0,22.0,10.0,49.0,29.0,10.0,17.0,5.0,2.0,9.0,26.0,3.23,1.97,6.0,4.0,9.0,9.0,0.0,1.0,3.231203,1.972094,5.2818181818181822,7.4334251606978876,3.25,4,5.205000000000001,6.5191780821917806,1.9699999999999998,2,H
12657478,2024-12-21,383891,Dewa United FC,200020,Persis Solo,2.0,0.0,12657478,58.0,42.0,455.0,357.0,372.0,288.0,22.0,23.0,44.0,33.0,15.0,28.0,4.0,3.0,5.0,14.0,2.26,0.54,5.0,3.0,11.0,11.0,3.0,1.0,2.262404,0.5355675,4.6136363636363633,7.221632251720747,2.2600000000000002,3,5.395,6.8146859903381642,0.53,0,H
12657486,2024-12-20,86578,Madura United FC,64299,Bali United FC,2.0,1.0,12657486,48.0,52.0,294.0,384.0,238.0,306.0,9.0,11.0,35.0,31.0,18.0,16.0,2.0,4.0,35.0,7.0,2.14,1.22,1.0,5.0,14.0,16.0,0.0,1.0,2.13612,1.2233639999999997,3.6391304347826106,6.9671968190854869,2.13,3,4.3826086956521735,6.6938536585365851,1.21,2,H
12657483,2024-12-20,76319,Persebaya Surabaya,189945,Borneo FC Samarinda,2.0,1.0,12657483,40.0,60.0,278.0,426.0,215.0,359.0,13.0,23.0,35.0,35.0,19.0,11.0,3.0,3.0,19.0,15.0,0.59,0.63,2.0,5.0,6.0,11.0,1.0,0.0,0.5914926,0.6330039999999999,5.0842105263157888,6.9688223938223937,0.58000000000000007,3,4.8909090909090907,6.8024557956778,0.63000000000000012,2,H
12657485,2024-12-18,86542,PS Barito Putera,64289,Persib Bandung,1.0,2.0,12657485,56.0,44.0,402.0,309.0,350.0,262.0,18.0,10.0,42.0,30.0,9.0,18.0,3.0,1.0,11.0,12.0,0.44,1.77,2.0,5.0,7.0,8.0,0.0,4.0,0.44205590000000006,1.7738300000000002,4.0695652173913039,6.736487804878049,0.44000000000000006,1,4.6090909090909085,6.8379980563654046,1.7699999999999998,3,A
12657491,2024-12-17,491968,Malut United FC,135864,PSM Makassar,2.0,2.0,12657491,60.0,40.0,323.0,285.0,247.0,205.0,19.0,14.0,37.0,35.0,21.0,11.0,0.0,3.0,32.0,13.0,1.01,1.34,5.0,4.0,6.0,13.0,0.0,0.0,1.0053439999999998,1.34439,4.426086956521738,6.8488416988416994,0.99,2,3.795652173913044,6.639414634146342,1.3299999999999998,4,D
12657487,2024-12-17,204733,PSS Sleman,189471,PSIS Semarang,2.0,1.0,12657487,60.0,40.0,423.0,289.0,357.0,220.0,20.0,12.0,43.0,28.0,13.0,16.0,5.0,4.0,11.0,18.0,1.18,0.82,8.0,6.0,15.0,13.0,3.0,0.0,1.1824959,0.822197,5.5,7.1623402163225176,1.1800000000000002,3,5.5368421052631573,6.6051207729468606,0.83,2,H
12657492,2024-12-16,135866,Persik Kediri,47465,Arema FC,1.0,0.0,12657492,55.0,45.0,297.0,239.0,230.0,171.0,23.0,14.0,33.0,41.0,12.0,17.0,5.0,3.0,29.0,20.0,1.61,0.51,7.0,3.0,18.0,13.0,1.0,2.0,1.614236,0.507231,4.8217391304347821,6.963540669856461,1.62,1,4.6181818181818173,6.7545805207328833,0.51,0,H
12657490,2024-12-16,86576,Persita Tangerang,383891,Dewa United FC,0.0,4.0,12657490,43.0,57.0,337.0,454.0,278.0,388.0,8.0,16.0,33.0,43.0,27.0,14.0,2.0,5.0,7.0,5.0,0.46,3.84,4.0,8.0,13.0,16.0,1.0,0.0,0.464238,3.844923,4.5652173913043486,6.5984031936127741,0.47000000000000008,0,5.1499999999999986,7.61689587426326,3.8499999999999996,7,A
12657488,2024-12-16,200020,Persis Solo,266861,PSBS Biak,1.0,1.0,12657488,38.0,62.0,251.0,462.0,199.0,387.0,18.0,18.0,38.0,38.0,22.0,5.0,0.0,2.0,11.0,1.0,0.25,2.21,3.0,6.0,7.0,20.0,0.0,1.0,0.24577220000000002,2.210736,4.286956521739131,6.7821903787103377,0.25,2,5.39,6.7166509877704614,2.21,1,D
12657493,2024-12-15,86066,Semen Padang FC,76319,Persebaya Surabaya,0.0,0.0,12657493,48.0,52.0,355.0,356.0,294.0,296.0,16.0,23.0,34.0,42.0,16.0,15.0,2.0,1.0,13.0,15.0,1.32,1.54,6.0,5.0,10.0,7.0,0.0,0.0,1.3217700000000001,1.53898,4.1818181818181825,7.0867793240556658,1.33,0,4.7238095238095248,7.2364278506559012,1.53,0,D
12657489,2024-12-15,64299,Bali United FC,64295,Persija Jakarta,3.0,1.0,12657489,41.0,59.0,224.0,374.0,177.0,316.0,19.0,13.0,37.0,37.0,11.0,10.0,2.0,2.0,21.0,18.0,1.51,0.63,7.0,8.0,18.0,14.0,1.0,0.0,1.5063920000000002,0.630763,4.8304347826086955,6.991401869158878,1.5,5,4.8090909090909078,6.6342830882352946,0.63,2,H
12657494,2024-12-14,189945,Borneo FC Samarinda,86578,Madura United FC,5.0,0.0,12657494,48.0,52.0,404.0,421.0,335.0,350.0,8.0,25.0,32.0,45.0,17.0,16.0,0.0,7.0,26.0,10.0,2.84,1.81,1.0,6.0,17.0,12.0,5.0,0.0,2.8441300000000003,1.81256,5.2636363636363637,7.3713592233009706,2.84,8,4.4956521739130428,6.4942718446601955,1.8100000000000003,0,H
12657497,2024-12-13,135864,PSM Makassar,204733,PSS Sleman,1.0,1.0,12657497,38.0,62.0,245.0,438.0,173.0,355.0,15.0,17.0,34.0,40.0,17.0,8.0,3.0,1.0,23.0,19.0,1.24,1.78,5.0,13.0,7.0,11.0,1.0,2.0,1.2364129999999998,1.780542,4.4869565217391321,6.8582217973231359,1.24,2,5.51578947368421,7.02326923076923,1.7900000000000003,2,D
12657495,2024-12-13,64289,Persib Bandung,491968,Malut United FC,2.0,0.0,12657495,51.0,49.0,392.0,344.0,320.0,285.0,16.0,16.0,42.0,42.0,8.0,22.0,4.0,5.0,16.0,23.0,1.01,0.99,9.0,7.0,8.0,11.0,0.0,1.0,1.0131139999999998,0.98660399999999993,4.9150000000000009,7.0531669865643,1.03,4,4.7434782608695647,6.7949523809523811,0.9900000000000001,0,H
12657502,2024-12-12,266861,PSBS Biak,86576,Persita Tangerang,1.0,3.0,12657502,48.0,52.0,405.0,415.0,339.0,373.0,28.0,13.0,40.0,34.0,9.0,13.0,3.0,2.0,9.0,31.0,1.32,1.68,6.0,1.0,14.0,6.0,0.0,0.0,1.3206766,1.683341,4.3913043478260887,6.785546875,1.32,1,4.35217391304348,7.2280000000000006,1.6800000000000002,5,A
12657498,2024-12-12,47465,Arema FC,200020,Persis Solo,1.0,1.0,12657498,48.0,52.0,341.0,360.0,270.0,278.0,25.0,22.0,40.0,40.0,19.0,21.0,5.0,5.0,13.0,19.0,1.49,1.33,1.0,4.0,24.0,12.0,1.0,0.0,1.493499,1.3313334000000001,4.4695652173913034,6.9269825918762091,1.49,2,4.62857142857143,6.9174879227053134,1.33,0,D
12657496,2024-12-12,383891,Dewa United FC,86542,PS Barito Putera,1.0,1.0,12657496,63.0,37.0,534.0,288.0,468.0,232.0,11.0,11.0,37.0,40.0,9.0,18.0,3.0,3.0,12.0,17.0,1.5,1.6,8.0,8.0,9.0,13.0,0.0,1.0,1.501208,1.602749,4.1952380952380963,6.85693215339233,1.51,2,4.7434782608695656,6.8518309859154938,1.59,1,D
12657501,2024-12-11,76319,Persebaya Surabaya,135866,Persik Kediri,4.0,1.0,12657501,34.0,66.0,223.0,447.0,158.0,373.0,18.0,32.0,36.0,41.0,19.0,25.0,4.0,7.0,33.0,17.0,2.33,1.67,6.0,9.0,10.0,5.0,1.0,0.0,2.334493,1.6696100999999999,5.5849999999999991,7.0878260869565226,2.33,5,4.6913043478260885,6.76252427184466,1.68,2,H
12657499,2024-12-11,189471,PSIS Semarang,64299,Bali United FC,2.0,1.0,12657499,47.0,53.0,223.0,266.0,173.0,197.0,8.0,22.0,40.0,38.0,13.0,4.0,3.0,2.0,23.0,19.0,1.13,1.98,12.0,9.0,16.0,19.0,0.0,1.0,1.1321793,1.9763793,4.6409090909090915,6.8873429951690817,1.13,3,4.1347826086956516,6.7390882638215324,1.9900000000000002,1,H
12657503,2024-12-10,86578,Madura United FC,86066,Semen Padang FC,0.0,1.0,12657503,62.0,38.0,362.0,211.0,301.0,147.0,37.0,24.0,36.0,40.0,12.0,8.0,5.0,2.0,11.0,17.0,0.45,1.19,5.0,4.0,16.0,18.0,7.0,3.0,0.45033900000000004,1.194131,4.1260869565217391,6.8107632093933468,0.45999999999999996,0,4.9999999999999991,6.9525272547076309,1.19,2,A
12657500,2024-12-10,64295,Persija Jakarta,189945,Borneo FC Samarinda,1.0,1.0,12657500,33.0,67.0,262.0,532.0,205.0,458.0,9.0,16.0,31.0,44.0,24.0,8.0,2.0,5.0,31.0,11.0,1.08,1.67,1.0,7.0,8.0,10.0,5.0,1.0,1.08085,1.6712565999999998,4.55,6.7990128331688053,1.08,2,4.8181818181818183,7.1217850287907876,1.6800000000000002,2,D
12657504,2024-12-09,204733,PSS Sleman,64289,Persib Bandung,1.0,2.0,12657504,47.0,53.0,221.0,302.0,182.0,258.0,13.0,17.0,39.0,48.0,12.0,9.0,6.0,2.0,9.0,9.0,1.84,0.94,6.0,4.0,22.0,15.0,1.0,2.0,1.8439429999999999,0.9377571,4.573913043478262,6.6042816365366317,1.8300000000000003,2,4.757142857142858,7.10739299610895,0.94,4,A
12657506,2024-12-08,86542,PS Barito Putera,266861,PSBS Biak,0.0,3.0,12657506,57.0,43.0,476.0,332.0,415.0,274.0,12.0,17.0,35.0,36.0,14.0,16.0,1.0,1.0,6.0,15.0,1.08,1.67,3.0,2.0,12.0,13.0,1.0,1.0,1.079189,1.665972,4.2695652173913032,6.4080115830115831,1.08,0,5.3714285714285719,7.0614051973051009,1.6700000000000004,6,A
12657505,2024-12-08,86576,Persita Tangerang,200020,Persis Solo,2.0,0.0,12657505,55.0,45.0,342.0,308.0,300.0,257.0,12.0,23.0,34.0,45.0,14.0,5.0,1.0,6.0,20.0,16.0,1.35,1.63,2.0,6.0,9.0,15.0,4.0,0.0,1.3483250000000002,1.6317750000000002,4.556521739130436,7.0751923076923076,1.3499999999999999,3,4.918181818181818,6.8198250728862977,1.63,0,H
12657508,2024-12-07,491968,Malut United FC,383891,Dewa United FC,1.0,1.0,12657508,44.0,56.0,335.0,428.0,258.0,357.0,15.0,10.0,37.0,30.0,11.0,13.0,2.0,1.0,4.0,10.0,0.75,0.91,8.0,3.0,11.0,7.0,4.0,0.0,0.749949,0.91014000000000006,4.1434782608695659,6.87253937007874,0.75,2,4.4714285714285706,6.7782128514056224,0.91,2,D
12657509,2024-12-07,76319,Persebaya Surabaya,47465,Arema FC,3.0,2.0,12657509,35.0,65.0,137.0,295.0,91.0,252.0,9.0,14.0,38.0,35.0,10.0,16.0,4.0,4.0,15.0,7.0,1.89,1.35,1.0,5.0,18.0,21.0,0.0,2.0,1.8919800000000002,1.3509909,4.2476190476190476,6.8936696340257164,1.8900000000000001,5,4.28695652173913,6.601725790987536,1.35,1,H
12657507,2024-12-07,64299,Bali United FC,135864,PSM Makassar,1.0,1.0,12657507,50.0,50.0,258.0,213.0,182.0,147.0,23.0,21.0,40.0,38.0,7.0,21.0,4.0,2.0,19.0,33.0,1.14,2.11,7.0,4.0,11.0,10.0,1.0,0.0,1.138887,2.1071,4.7043478260869565,6.7561722488038276,1.1500000000000001,2,4.5304347826086957,7.0034782608695654,2.11,2,D
12657512,2024-12-06,189945,Borneo FC Samarinda,189471,PSIS Semarang,0.0,0.0,12657512,64.0,36.0,460.0,242.0,392.0,177.0,24.0,9.0,35.0,43.0,12.0,10.0,0.0,1.0,24.0,14.0,1.91,0.37,12.0,7.0,15.0,7.0,2.0,5.0,1.9054099999999998,0.372386,4.5826086956521754,7.0638195777351251,1.9100000000000001,0,4.6111111111111107,6.8250984251968507,0.37,0,D
12657511,2024-12-06,135866,Persik Kediri,86578,Madura United FC,1.0,0.0,12657511,52.0,48.0,407.0,368.0,312.0,289.0,17.0,12.0,38.0,34.0,13.0,24.0,5.0,2.0,6.0,25.0,1.58,0.21,5.0,1.0,16.0,11.0,2.0,3.0,1.5777299999999999,0.208159,4.552173913043478,7.05141187925998,1.5899999999999999,2,4.647826086956524,6.84384093113482,0.22,0,H
12657510,2024-12-06,86066,Semen Padang FC,64295,Persija Jakarta,0.0,1.0,12657510,46.0,54.0,310.0,471.0,249.0,403.0,23.0,13.0,48.0,38.0,17.0,17.0,3.0,2.0,21.0,30.0,2.66,0.45,6.0,4.0,9.0,9.0,3.0,0.0,2.6563700000000003,0.453837,4.6047619047619044,6.9257874015748024,2.66,0,4.9217391304347817,7.1104752667313278,0.45000000000000007,2,A
12650960,2024-12-03,47465,Arema FC,86576,Persita Tangerang,3.0,0.0,12650960,51.0,49.0,367.0,345.0,307.0,269.0,19.0,16.0,45.0,37.0,20.0,16.0,5.0,1.0,15.0,12.0,3.32,0.61,9.0,5.0,17.0,11.0,1.0,0.0,3.3164289999999994,0.61253430000000009,5.1809523809523812,7.2189971070395371,3.31,5,4.5478260869565226,6.5953020134228195,0.6100000000000001,0,H
12650957,2024-12-03,383891,Dewa United FC,204733,PSS Sleman,2.0,1.0,12650957,58.0,42.0,495.0,334.0,447.0,276.0,17.0,16.0,41.0,38.0,7.0,13.0,2.0,4.0,16.0,18.0,2.5,2.08,6.0,9.0,7.0,12.0,0.0,1.0,2.4954020000000003,2.079858,4.738095238095239,7.2245869776482019,2.4900000000000007,3,5.56,7.0412098298676744,2.0899999999999994,2,H
12650968,2024-12-03,200020,Persis Solo,86542,PS Barito Putera,0.0,0.0,12650968,52.0,48.0,389.0,335.0,308.0,258.0,24.0,14.0,38.0,36.0,15.0,19.0,7.0,1.0,10.0,17.0,0.93,0.09,7.0,1.0,18.0,13.0,1.0,3.0,0.9326310000000001,0.091375,4.4695652173913034,6.9624266144814086,0.93,0,4.7217391304347824,6.8646543330087653,0.09,0,D
12651034,2024-12-02,266861,PSBS Biak,491968,Malut United FC,1.0,3.0,12651034,65.0,35.0,517.0,234.0,425.0,177.0,20.0,22.0,37.0,35.0,14.0,26.0,6.0,2.0,3.0,28.0,0.66,2.19,8.0,3.0,12.0,2.0,1.0,1.0,0.6594171,2.1873500000000003,4.6739130434782608,6.7393333333333336,0.67000000000000015,2,4.3347826086956518,7.1575609756097567,2.18,5,A
12650951,2024-12-02,135864,PSM Makassar,189945,Borneo FC Samarinda,1.0,0.0,12650951,30.0,70.0,182.0,504.0,117.0,433.0,6.0,11.0,32.0,35.0,25.0,11.0,0.0,5.0,16.0,8.0,0.69,0.33,5.0,6.0,7.0,15.0,2.0,4.0,0.69093,0.328653,4.8999999999999986,6.8167286245353154,0.69,1,4.6739130434782608,6.769244935543278,0.32,0,H
12650954,2024-12-02,86578,Madura United FC,76319,Persebaya Surabaya,1.0,2.0,12650954,56.0,44.0,272.0,228.0,221.0,166.0,15.0,26.0,39.0,39.0,14.0,16.0,1.0,3.0,22.0,14.0,0.55,1.13,6.0,5.0,11.0,14.0,0.0,2.0,0.55309700000000006,1.13133,4.6130434782608694,6.6535372848948366,0.55,1,5.1799999999999988,6.9647286821705432,1.1400000000000001,3,A
12650949,2024-12-01,189471,PSIS Semarang,86066,Semen Padang FC,1.0,0.0,12650949,54.0,46.0,456.0,413.0,396.0,347.0,15.0,20.0,39.0,35.0,21.0,17.0,2.0,2.0,32.0,15.0,0.67,0.26,4.0,6.0,8.0,10.0,0.0,0.0,0.667391,0.2621,4.8608695652173912,7.1190802348336595,0.67,0,5.3388888888888886,6.8709325396825385,0.26,0,H
12650956,2024-12-01,64295,Persija Jakarta,135866,Persik Kediri,2.0,0.0,12650956,48.0,52.0,370.0,423.0,293.0,366.0,9.0,17.0,40.0,33.0,12.0,21.0,6.0,3.0,5.0,12.0,2.33,0.34,6.0,2.0,8.0,14.0,3.0,1.0,2.331815,0.342702,4.5260869565217385,7.01159844054581,2.3199999999999994,3,4.2954545454545476,6.8079646017699114,0.34,0,H
12650964,2024-11-23,86542,PS Barito Putera,86576,Persita Tangerang,0.0,2.0,12650964,56.0,44.0,398.0,342.0,336.0,276.0,24.0,7.0,40.0,32.0,15.0,19.0,9.0,3.0,12.0,4.0,1.18,1.94,13.0,2.0,13.0,7.0,0.0,1.0,1.175984,1.9394390000000001,4.4782608695652186,6.85595353339787,1.19,0,5.0409090909090919,7.0221256038647342,1.9300000000000004,3,A
12650961,2024-11-23,135866,Persik Kediri,189471,PSIS Semarang,0.0,1.0,12650961,58.0,42.0,371.0,227.0,305.0,170.0,26.0,12.0,44.0,29.0,7.0,15.0,4.0,3.0,11.0,10.0,2.06,1.47,7.0,1.0,13.0,18.0,2.0,2.0,2.0620879999999997,1.465867,4.8478260869565233,7.1287223823246881,2.0700000000000003,0,4.5434782608695663,6.9996157540826136,1.46,1,A
12650972,2024-11-23,383891,Dewa United FC,64299,Bali United FC,1.0,0.0,12650972,49.0,51.0,254.0,279.0,194.0,221.0,22.0,23.0,38.0,41.0,9.0,15.0,3.0,2.0,7.0,7.0,1.69,1.31,6.0,3.0,16.0,22.0,2.0,5.0,1.6883759,1.305803,4.0857142857142863,7.111561264822134,1.69,2,4.7391304347826084,6.9070327552986521,1.3,0,H
12651036,2024-11-22,204733,PSS Sleman,266861,PSBS Biak,0.0,1.0,12651036,51.0,49.0,372.0,355.0,297.0,285.0,14.0,15.0,32.0,39.0,15.0,18.0,3.0,2.0,12.0,20.0,0.97,1.18,6.0,5.0,11.0,14.0,0.0,1.0,0.966947,1.180706,4.6391304347826088,6.6563106796116518,0.9700000000000002,0,5.2736842105263166,7.2182266009852221,1.18,2,A
12651037,2024-11-22,76319,Persebaya Surabaya,64295,Persija Jakarta,2.0,1.0,12651037,50.0,50.0,286.0,333.0,239.0,277.0,24.0,18.0,43.0,31.0,9.0,14.0,8.0,4.0,10.0,20.0,2.82,1.68,4.0,5.0,10.0,11.0,0.0,0.0,2.823022,1.676692,5.475,6.919526066350711,2.82,2,4.9318181818181817,6.77312440645774,1.67,1,H
12650958,2024-11-22,64289,Persib Bandung,189945,Borneo FC Samarinda,1.0,0.0,12650958,34.0,66.0,217.0,527.0,169.0,468.0,14.0,33.0,33.0,48.0,22.0,9.0,1.0,5.0,15.0,7.0,2.02,2.73,4.0,9.0,13.0,13.0,2.0,0.0,2.0249859999999997,2.7336309999999995,4.895652173913045,7.1426168224299067,2.0100000000000002,2,4.6434782608695651,7.2573205741626783,2.74,0,H
12650959,2024-11-21,86578,Madura United FC,47465,Arema FC,2.0,4.0,12650959,64.0,36.0,439.0,241.0,379.0,204.0,15.0,12.0,43.0,34.0,8.0,15.0,1.0,1.0,11.0,15.0,0.97,1.56,5.0,3.0,12.0,24.0,1.0,1.0,0.97123,1.56486,4.6,6.6517403574788334,0.97,4,4.7130434782608708,6.8405099150141639,1.5600000000000003,5,A
12653684,2024-11-21,491968,Malut United FC,200020,Persis Solo,3.0,0.0,12653684,45.0,55.0,310.0,423.0,243.0,352.0,16.0,6.0,37.0,31.0,13.0,7.0,3.0,3.0,15.0,20.0,2.31,0.44,5.0,2.0,20.0,8.0,1.0,2.0,2.313451,0.439596,4.9913043478260875,7.32429268292683,2.31,6,4.9476190476190478,6.50409756097561,0.44000000000000006,0,H
12650952,2024-11-21,86066,Semen Padang FC,135864,PSM Makassar,1.0,1.0,12650952,33.0,67.0,187.0,420.0,118.0,328.0,9.0,19.0,30.0,46.0,17.0,10.0,1.0,4.0,29.0,7.0,0.97,1.04,2.0,10.0,10.0,11.0,2.0,1.0,0.9692059999999999,1.04213,4.1217391304347828,6.7719211822660093,0.97,2,4.482608695652174,6.9458742632612971,1.03,2,D
12650950,2024-11-06,64295,Persija Jakarta,86578,Madura United FC,4.0,1.0,12650950,48.0,52.0,390.0,443.0,326.0,393.0,8.0,21.0,30.0,41.0,7.0,11.0,2.0,3.0,16.0,8.0,1.77,1.58,4.0,6.0,15.0,10.0,2.0,0.0,1.7720800000000003,1.5758759999999998,4.9999999999999991,6.8951265229615739,1.77,7,4.6173913043478247,6.6659197012138183,1.58,1,H
12650955,2024-11-04,86576,Persita Tangerang,491968,Malut United FC,1.0,1.0,12650955,57.0,43.0,501.0,385.0,436.0,328.0,4.0,18.0,25.0,54.0,11.0,9.0,1.0,3.0,17.0,20.0,0.36,4.05,4.0,8.0,11.0,10.0,0.0,2.0,0.362328,4.049482,4.922727272727272,6.8536538461538452,0.36,2,4.9217391304347826,7.2265895953757235,4.05,2,D
12650946,2024-11-04,135864,PSM Makassar,135866,Persik Kediri,1.0,1.0,12650946,52.0,48.0,324.0,268.0,247.0,216.0,17.0,14.0,36.0,28.0,8.0,20.0,3.0,2.0,13.0,38.0,2.16,0.68,7.0,1.0,9.0,9.0,3.0,0.0,2.1592650000000004,0.680824,4.7347826086956522,6.8864244741873808,2.1599999999999997,1,4.091304347826088,6.8212525667351134,0.68,2,D
12650969,2024-11-03,266861,PSBS Biak,64299,Bali United FC,2.0,0.0,12650969,47.0,53.0,281.0,349.0,215.0,275.0,16.0,23.0,34.0,41.0,10.0,12.0,6.0,1.0,22.0,32.0,1.53,1.59,6.0,4.0,14.0,8.0,0.0,0.0,1.5283395000000002,1.5872410000000001,4.2695652173913041,7.09832181638697,1.54,3,4.7086956521739127,6.80439453125,1.6,0,H
12650966,2024-11-03,200020,Persis Solo,204733,PSS Sleman,0.0,2.0,12650966,60.0,40.0,419.0,272.0,357.0,211.0,16.0,12.0,35.0,36.0,10.0,19.0,4.0,4.0,8.0,21.0,1.54,1.24,8.0,3.0,9.0,17.0,2.0,0.0,1.5415860000000001,1.242671,4.7304347826086941,6.8486124401913866,1.55,0,4.4727272727272727,7.1372434017595312,1.2299999999999998,3,A
12651003,2024-11-02,189471,PSIS Semarang,76319,Persebaya Surabaya,0.0,1.0,12651003,55.0,45.0,412.0,326.0,334.0,255.0,20.0,14.0,43.0,39.0,15.0,25.0,4.0,2.0,19.0,10.0,0.87,0.93,5.0,5.0,10.0,15.0,0.0,2.0,0.87351799999999991,0.932361,5.2428571428571429,6.982608695652174,0.87,0,5.9555555555555557,7.3,0.92999999999999994,2,A
12651035,2024-11-02,189945,Borneo FC Samarinda,383891,Dewa United FC,1.0,0.0,12651035,73.0,27.0,468.0,158.0,407.0,107.0,19.0,12.0,44.0,41.0,9.0,10.0,2.0,2.0,2.0,17.0,0.7,0.77,5.0,3.0,18.0,15.0,7.0,2.0,0.695786,0.7663362,4.9650000000000007,7.1641176470588244,0.7,1,4.8181818181818192,6.7045918367346937,0.77,0,H
12651000,2024-11-01,86542,PS Barito Putera,47465,Arema FC,1.0,3.0,12651000,49.0,51.0,340.0,381.0,273.0,330.0,13.0,14.0,42.0,41.0,10.0,7.0,2.0,4.0,16.0,9.0,1.61,2.98,5.0,8.0,9.0,17.0,2.0,0.0,1.6082999999999998,2.9786580000000002,4.6478260869565222,6.6840455840455846,1.6000000000000003,1,4.8782608695652172,7.08358633776091,2.9799999999999995,4,A
12651005,2024-11-01,64289,Persib Bandung,86066,Semen Padang FC,1.0,1.0,12651005,67.0,33.0,599.0,221.0,519.0,172.0,38.0,12.0,47.0,34.0,10.0,19.0,4.0,2.0,10.0,38.0,1.63,0.25,10.0,1.0,10.0,6.0,3.0,0.0,1.631562,0.254766,5.1863636363636356,7.1890384615384617,1.63,1,4.135,6.86006006006006,0.26,2,D
12651004,2024-10-28,135866,Persik Kediri,64289,Persib Bandung,0.0,2.0,12651004,58.0,42.0,493.0,367.0,423.0,303.0,18.0,11.0,39.0,38.0,15.0,18.0,6.0,1.0,9.0,17.0,0.65,0.88,4.0,3.0,8.0,13.0,0.0,0.0,0.6475217,0.88074,4.6608695652173919,6.74985563041386,0.65,0,4.704545454545455,6.9589494163424126,0.88,2,A
12651007,2024-10-27,204733,PSS Sleman,86576,Persita Tangerang,1.0,2.0,12651007,61.0,39.0,355.0,257.0,290.0,200.0,20.0,7.0,50.0,36.0,10.0,6.0,3.0,2.0,11.0,16.0,2.56,0.48,12.0,1.0,11.0,15.0,3.0,2.0,2.5592660000000005,0.4842588,4.961904761904762,7.0577627772420444,2.5500000000000003,2,4.8545454545454554,6.73977164605138,0.48000000000000004,1,A
12650996,2024-10-27,64299,Bali United FC,200020,Persis Solo,3.0,0.0,12650996,40.0,60.0,249.0,352.0,177.0,292.0,11.0,17.0,34.0,40.0,12.0,19.0,3.0,6.0,23.0,16.0,1.82,1.39,8.0,10.0,16.0,8.0,1.0,0.0,1.8159544,1.3913539000000001,4.6000000000000005,7.18216748768473,1.81,4,4.8772727272727288,6.7366829268292667,1.3800000000000001,0,H
12653690,2024-10-26,491968,Malut United FC,86542,PS Barito Putera,0.0,0.0,12653690,41.0,59.0,278.0,450.0,221.0,387.0,21.0,17.0,40.0,36.0,12.0,12.0,1.0,3.0,9.0,12.0,1.08,0.49,5.0,5.0,11.0,10.0,2.0,2.0,1.0832395,0.48802870000000004,4.2391304347826084,7.0085402184707046,1.08,0,4.556521739130436,7.1054347826086959,0.48,0,D
12651001,2024-10-26,47465,Arema FC,64295,Persija Jakarta,1.0,2.0,12651001,49.0,51.0,321.0,386.0,258.0,312.0,17.0,16.0,40.0,39.0,18.0,18.0,2.0,2.0,21.0,12.0,1.17,1.58,4.0,6.0,14.0,12.0,2.0,2.0,1.171154,1.5791940000000002,4.4521739130434783,6.8653021442495135,1.17,1,5.0136363636363628,7.0268339768339771,1.57,3,A
12650997,2024-10-25,86066,Semen Padang FC,383891,Dewa United FC,1.0,8.0,12650997,44.0,56.0,343.0,409.0,284.0,364.0,12.0,15.0,40.0,39.0,7.0,12.0,3.0,2.0,9.0,16.0,0.91,4.19,3.0,4.0,16.0,19.0,2.0,1.0,0.91329,4.18895,4.2478260869565219,5.9810526315789474,0.92999999999999994,0,5.614285714285713,7.45,4.1899999999999995,12,A
12651006,2024-10-25,189945,Borneo FC Samarinda,266861,PSBS Biak,3.0,0.0,12651006,54.0,46.0,441.0,309.0,369.0,230.0,22.0,23.0,37.0,34.0,12.0,19.0,0.0,2.0,4.0,11.0,2.12,1.13,4.0,8.0,8.0,13.0,1.0,3.0,2.11912,1.13332,4.9347826086956506,7.2927550047664456,2.12,5,5.26,6.6405379442843424,1.1500000000000001,0,H
12650999,2024-10-23,86578,Madura United FC,189471,PSIS Semarang,1.0,0.0,,,,,,,,,,,,,,,,,,,,,,,,,,,,,,,,,,,,H
12651008,2024-10-23,76319,Persebaya Surabaya,135864,PSM Makassar,1.0,1.0,12651008,70.0,30.0,469.0,182.0,393.0,114.0,25.0,10.0,44.0,37.0,12.0,10.0,2.0,1.0,15.0,20.0,2.36,0.8,6.0,4.0,13.0,10.0,1.0,0.0,2.3639110000000003,0.80484,5.0954545454545457,7.145377358490566,2.3600000000000003,1,4.6652173913043473,6.7408278457196618,0.8,2,D
12651002,2024-10-20,86542,PS Barito Putera,204733,PSS Sleman,0.0,3.0,12651002,62.0,38.0,354.0,229.0,295.0,180.0,12.0,5.0,40.0,35.0,4.0,13.0,3.0,1.0,3.0,13.0,0.21,1.43,8.0,1.0,16.0,24.0,3.0,1.0,0.206042,1.4314398,4.5956521739130434,6.6636018957345966,0.21000000000000002,0,4.3095238095238093,6.9548981571290014,1.4300000000000002,5,A
12650998,2024-10-20,86576,Persita Tangerang,64299,Bali United FC,0.0,1.0,12650998,50.0,50.0,289.0,304.0,245.0,235.0,15.0,28.0,35.0,46.0,30.0,11.0,3.0,5.0,33.0,13.0,0.4,2.4,2.0,6.0,15.0,16.0,2.0,1.0,0.400298,2.3981524,4.6782608695652188,6.8277511961722492,0.41000000000000003,0,4.9086956521739129,7.1046845124283,2.39,1,A
12650995,2024-10-19,47465,Arema FC,491968,Malut United FC,3.0,1.0,12650995,59.0,41.0,458.0,314.0,384.0,244.0,18.0,27.0,39.0,46.0,10.0,18.0,2.0,1.0,12.0,8.0,2.27,1.56,5.0,5.0,15.0,7.0,2.0,3.0,2.265987,1.559385,4.5565217391304342,6.9929400386847194,2.2700000000000005,4,4.7086956521739145,6.8488995215311013,1.5699999999999998,1,H
12650991,2024-10-19,200020,Persis Solo,189945,Borneo FC Samarinda,3.0,2.0,12650991,47.0,53.0,337.0,403.0,257.0,337.0,13.0,12.0,36.0,33.0,20.0,19.0,4.0,6.0,14.0,16.0,2.04,2.04,4.0,8.0,9.0,11.0,4.0,2.0,2.0434259000000004,2.038177,4.8304347826086964,6.9753846153846153,2.04,5,4.77391304347826,7.019020172910662,2.03,3,H
12650990,2024-10-18,266861,PSBS Biak,86066,Semen Padang FC,3.0,2.0,12650990,63.0,37.0,521.0,309.0,471.0,250.0,20.0,10.0,42.0,30.0,12.0,8.0,2.0,2.0,21.0,11.0,2.19,1.16,5.0,3.0,10.0,14.0,4.0,1.0,2.1850915000000004,1.1582400000000002,4.9000000000000012,7.1161228406909789,2.19,5,4.27391304347826,6.52936660268714,1.16,4,H
12650993,2024-10-18,64289,Persib Bandung,76319,Persebaya Surabaya,2.0,0.0,12650993,51.0,49.0,468.0,446.0,406.0,376.0,21.0,20.0,33.0,38.0,16.0,12.0,0.0,1.0,7.0,6.0,0.63,0.53,2.0,4.0,8.0,11.0,1.0,1.0,0.628673,0.530422,4.5608695652173905,7.1244444444444435,0.62,3,4.5272727272727264,6.6724371373307543,0.54,0,H
12650994,2024-10-18,135864,PSM Makassar,86578,Madura United FC,2.0,0.0,12650994,40.0,60.0,215.0,318.0,153.0,240.0,19.0,18.0,44.0,38.0,11.0,17.0,3.0,3.0,12.0,15.0,1.02,0.24,2.0,6.0,15.0,18.0,3.0,1.0,1.022161,0.23790699999999998,4.8826086956521744,7.0396387832699618,1.03,4,3.9913043478260861,6.5724104549854783,0.24000000000000002,0,H
12650992,2024-10-17,383891,Dewa United FC,135866,Persik Kediri,2.0,3.0,12650992,57.0,43.0,429.0,334.0,366.0,272.0,28.0,20.0,39.0,35.0,8.0,13.0,3.0,3.0,7.0,22.0,1.81,2.07,10.0,2.0,8.0,8.0,1.0,1.0,1.8061107,2.074369,5.3450000000000006,6.7472007722007712,1.82,4,4.1478260869565222,6.8508754863813239,2.07,4,A
12650989,2024-10-17,189471,PSIS Semarang,64295,Persija Jakarta,0.0,2.0,12650989,31.0,69.0,229.0,617.0,177.0,561.0,10.0,12.0,34.0,39.0,10.0,14.0,1.0,2.0,27.0,10.0,0.02,0.9,2.0,8.0,12.0,10.0,1.0,1.0,0.020284999999999997,0.904898,3.8391304347826081,6.4193241816261883,0.02,0,4.92608695652174,7.1398058252427186,0.91,3,A
12650985,2024-09-30,189945,Borneo FC Samarinda,86576,Persita Tangerang,0.0,0.0,12650985,69.0,31.0,503.0,226.0,442.0,180.0,32.0,14.0,46.0,40.0,11.0,18.0,5.0,1.0,6.0,28.0,2.93,0.3,11.0,4.0,14.0,15.0,3.0,0.0,2.932276,0.298529,4.4217391304347826,7.3808447937131625,2.94,0,4.8608695652173912,7.143381642512078,0.3,0,D
12650986,2024-09-29,86066,Semen Padang FC,200020,Persis Solo,0.0,0.0,12650986,42.0,58.0,293.0,429.0,236.0,354.0,26.0,16.0,37.0,33.0,21.0,12.0,5.0,1.0,19.0,11.0,1.59,0.84,8.0,5.0,11.0,9.0,1.0,2.0,1.5919539999999999,0.83962399999999993,4.545454545454545,7.1923076923076925,1.59,0,5.0636363636363644,7.0333009708737864,0.84000000000000008,0,D
12650987,2024-09-29,64295,Persija Jakarta,135864,PSM Makassar,1.0,1.0,12650987,71.0,29.0,518.0,176.0,426.0,106.0,8.0,11.0,35.0,36.0,7.0,16.0,2.0,1.0,16.0,8.0,0.96,1.23,5.0,4.0,11.0,11.0,1.0,2.0,0.96241899999999991,1.234168,4.765,6.8578536585365857,0.97,2,4.4217391304347826,6.83111753371869,1.24,2,D
12650983,2024-09-28,135866,Persik Kediri,266861,PSBS Biak,0.0,1.0,12650983,66.0,34.0,607.0,271.0,531.0,209.0,18.0,19.0,28.0,44.0,21.0,16.0,2.0,2.0,20.0,19.0,1.02,1.51,4.0,2.0,10.0,14.0,2.0,1.0,1.0237218,1.51488,4.71304347826087,6.8442718446601933,1.03,0,4.5565217391304342,7.034652509652509,1.5000000000000002,1,A
12650988,2024-09-28,86578,Madura United FC,64289,Persib Bandung,2.0,2.0,12650988,49.0,51.0,325.0,364.0,272.0,302.0,11.0,20.0,38.0,49.0,10.0,11.0,2.0,1.0,17.0,10.0,0.69,0.9,8.0,2.0,12.0,11.0,0.0,4.0,0.688574,0.897575,4.3318181818181829,6.8741935483870966,0.67999999999999994,4,5.1619047619047613,6.8740669856459329,0.89999999999999991,4,D
12650984,2024-09-27,64299,Bali United FC,86542,PS Barito Putera,3.0,2.0,12650984,47.0,53.0,311.0,315.0,254.0,268.0,0.0,3.0,39.0,50.0,13.0,23.0,4.0,2.0,4.0,6.0,2.1,1.44,7.0,5.0,20.0,11.0,0.0,0.0,2.102735,1.4415,4.1913043478260885,6.8634724857685008,2.0999999999999996,5,4.6695652173913045,6.7692949907235622,1.4399999999999997,1,H
12650982,2024-09-27,76319,Persebaya Surabaya,383891,Dewa United FC,0.0,0.0,12650982,40.0,60.0,282.0,462.0,219.0,412.0,31.0,13.0,50.0,29.0,10.0,13.0,7.0,3.0,8.0,17.0,2.92,0.88,5.0,1.0,11.0,12.0,4.0,0.0,2.919107,0.8789,4.2999999999999989,7.2034965034965035,2.9199999999999995,0,4.5200000000000005,6.9755402750491156,0.87000000000000011,0,D
12650976,2024-09-26,189471,PSIS Semarang,47465,Arema FC,1.0,2.0,12650976,42.0,58.0,333.0,495.0,270.0,428.0,12.0,18.0,37.0,40.0,16.0,9.0,1.0,5.0,10.0,7.0,0.3,1.38,1.0,3.0,11.0,14.0,2.0,2.0,0.30126400000000003,1.383892,4.463636363636363,6.6527325023969315,0.30000000000000004,2,4.8739130434782609,7.0008333333333335,1.37,3,A
12650981,2024-09-26,204733,PSS Sleman,491968,Malut United FC,0.0,1.0,12650981,44.0,56.0,411.0,458.0,348.0,391.0,13.0,11.0,37.0,34.0,9.0,13.0,3.0,1.0,7.0,8.0,0.58,1.51,5.0,5.0,12.0,12.0,1.0,3.0,0.5776991,1.510629,4.6913043478260876,6.7585645933014362,0.58,0,4.7347826086956513,6.9813411078717191,1.5100000000000002,1,A
12650973,2024-09-23,200020,Persis Solo,135866,Persik Kediri,0.0,1.0,12650973,56.0,44.0,339.0,316.0,273.0,254.0,28.0,7.0,40.0,28.0,9.0,14.0,6.0,3.0,11.0,9.0,1.55,0.3,13.0,2.0,19.0,16.0,1.0,1.0,1.5482500000000001,0.2999075,4.7434782608695656,6.9058027079303681,1.5500000000000003,0,4.7217391304347824,6.8296517412935316,0.3,2,A
12650979,2024-09-23,64289,Persib Bandung,64295,Persija Jakarta,2.0,0.0,12650979,49.0,51.0,329.0,314.0,287.0,260.0,21.0,12.0,41.0,31.0,11.0,8.0,3.0,3.0,15.0,8.0,1.79,0.85,1.0,4.0,13.0,19.0,3.0,0.0,1.7897859999999999,0.852287,4.660869565217391,7.171881188118812,1.79,3,4.4565217391304337,6.48680981595092,0.85,0,H
12650978,2024-09-23,86542,PS Barito Putera,189945,Borneo FC Samarinda,1.0,1.0,12650978,40.0,60.0,256.0,490.0,194.0,424.0,10.0,18.0,37.0,40.0,21.0,9.0,1.0,0.0,14.0,19.0,0.73,1.72,7.0,2.0,9.0,17.0,0.0,3.0,0.730699,1.717957,4.3913043478260878,6.7870067372473528,0.72,1,4.5217391304347823,7.0076107899807321,1.71,1,D
12650974,2024-09-22,86576,Persita Tangerang,86066,Semen Padang FC,1.0,0.0,12650974,56.0,44.0,390.0,315.0,333.0,250.0,11.0,15.0,34.0,39.0,22.0,12.0,3.0,1.0,20.0,15.0,1.02,0.24,3.0,6.0,10.0,18.0,2.0,2.0,1.024136,0.235516,4.2521739130434781,6.9929618768328448,1.03,1,4.6391304347826079,6.6814492753623194,0.23,0,H
12650980,2024-09-22,266861,PSBS Biak,76319,Persebaya Surabaya,0.0,1.0,12650980,60.0,40.0,429.0,225.0,344.0,164.0,28.0,15.0,45.0,34.0,14.0,27.0,3.0,1.0,9.0,37.0,0.99,0.65,6.0,5.0,10.0,10.0,1.0,2.0,0.99322,0.65462,4.8565217391304358,6.9884615384615385,0.9900000000000001,0,4.43157894736842,7.0217910447761192,0.65,2,A
12650977,2024-09-21,383891,Dewa United FC,86578,Madura United FC,3.0,3.0,12650977,57.0,43.0,529.0,386.0,467.0,322.0,7.0,21.0,28.0,45.0,12.0,13.0,2.0,2.0,14.0,11.0,1.76,2.18,1.0,3.0,12.0,7.0,2.0,3.0,1.7602,2.1840580000000003,5.0749999999999984,6.8150608044901775,1.76,3,4.5260869565217385,6.9970973782771537,2.1799999999999997,5,D
12653692,2024-09-21,491968,Malut United FC,64299,Bali United FC,1.0,4.0,12653692,55.0,45.0,340.0,314.0,276.0,248.0,20.0,13.0,44.0,37.0,14.0,8.0,4.0,4.0,17.0,9.0,0.88,1.36,5.0,2.0,16.0,16.0,0.0,0.0,0.87710400000000011,1.364931,4.6173913043478265,6.6218984962406013,0.89,2,4.2434782608695647,6.9879923150816534,1.37,4,A
12650971,2024-09-20,204733,PSS Sleman,47465,Arema FC,3.0,1.0,12650971,39.0,61.0,252.0,412.0,204.0,363.0,19.0,11.0,37.0,42.0,16.0,13.0,0.0,7.0,27.0,7.0,0.68,2.49,3.0,9.0,18.0,12.0,0.0,0.0,0.67763999999999991,2.4871203,4.8000000000000016,7.0122370936902492,0.66999999999999993,4,4.7043478260869565,6.7840344168260041,2.49,1,H
12650975,2024-09-20,135864,PSM Makassar,189471,PSIS Semarang,0.0,0.0,12650975,51.0,49.0,301.0,269.0,230.0,215.0,28.0,10.0,42.0,35.0,10.0,14.0,4.0,1.0,9.0,33.0,0.82,0.44,10.0,5.0,14.0,11.0,3.0,1.0,0.81671800000000017,0.44201999999999997,4.8086956521739115,6.9755339805825241,0.82000000000000006,0,5.0649999999999986,6.8540117416829736,0.45,0,D
12650967,2024-09-18,86066,Semen Padang FC,86542,PS Barito Putera,1.0,2.0,12650967,64.0,36.0,392.0,179.0,329.0,137.0,25.0,3.0,49.0,22.0,7.0,13.0,3.0,1.0,9.0,41.0,2.41,0.46,2.0,4.0,11.0,16.0,0.0,0.0,2.4098352000000003,0.4599,4.517391304347826,6.9172413793103456,2.4,1,4.6130434782608694,6.6852830188679242,0.46,3,A
12650962,2024-09-18,135866,Persik Kediri,86576,Persita Tangerang,1.0,0.0,,,,,,,,,,,,,,,,,,,,,,,,,,,,,,,,,,,,H
12650970,2024-09-18,76319,Persebaya Surabaya,200020,Persis Solo,2.0,1.0,12650970,46.0,54.0,296.0,331.0,230.0,266.0,6.0,10.0,41.0,35.0,6.0,15.0,4.0,2.0,7.0,17.0,2.27,1.16,5.0,3.0,12.0,15.0,0.0,1.0,2.2656910000000003,1.1621065000000002,6.8916666666666657,6.921021021021021,2.26,3,4.9772727272727266,6.8895953757225437,1.17,2,H
12651031,2024-09-17,266861,PSBS Biak,86578,Madura United FC,2.0,1.0,12651031,48.0,52.0,340.0,392.0,271.0,342.0,10.0,5.0,42.0,35.0,6.0,6.0,3.0,2.0,21.0,13.0,1.0,2.15,5.0,4.0,17.0,10.0,0.0,1.0,0.99628499999999987,2.1547,4.5347826086956537,6.9999999999999991,1.0,3,4.4565217391304346,6.8938053097345131,2.15,2,H
12651032,2024-09-17,189945,Borneo FC Samarinda,491968,Malut United FC,1.0,0.0,12651032,72.0,28.0,617.0,235.0,541.0,181.0,14.0,7.0,38.0,36.0,8.0,9.0,1.0,2.0,4.0,10.0,1.43,0.48,6.0,1.0,15.0,9.0,2.0,1.0,1.426289,0.47699400000000003,4.0956521739130443,7.3091633466135457,1.4300000000000002,2,4.5956521739130443,6.6407662082514731,0.48000000000000009,0,H
12651028,2024-09-16,64299,Bali United FC,204733,PSS Sleman,0.0,0.0,12651028,54.0,46.0,373.0,259.0,313.0,210.0,20.0,16.0,45.0,36.0,8.0,17.0,5.0,0.0,15.0,26.0,1.41,0.17,15.0,4.0,12.0,15.0,1.0,1.0,0.017232,0.0,4.8956521739130441,7.116098484848485,1.38,0,5.1650000000000009,7.0104146576663444,0.17,0,D
12651033,2024-09-16,64295,Persija Jakarta,383891,Dewa United FC,0.0,0.0,12651033,46.0,54.0,398.0,444.0,334.0,381.0,10.0,6.0,39.0,45.0,3.0,13.0,4.0,2.0,8.0,2.0,0.56,0.98,7.0,5.0,17.0,12.0,2.0,0.0,0.55845499999999992,0.97878700000000007,4.2608695652173907,7.06335952848723,0.56,0,5.1052631578947372,6.9715686274509814,0.99,0,D
12657423,2024-09-15,135864,PSM Makassar,47465,Arema FC,0.0,1.0,12657423,50.0,50.0,277.0,326.0,199.0,254.0,15.0,18.0,27.0,40.0,17.0,19.0,2.0,2.0,4.0,27.0,2.3,0.69,3.0,0.0,10.0,8.0,1.0,2.0,2.30092,0.68870799999999988,4.6478260869565222,6.71531100478469,2.29,0,4.0,7.109724950884087,0.68,2,A
12651030,2024-09-15,64289,Persib Bandung,189471,PSIS Semarang,2.0,1.0,12651030,57.0,43.0,443.0,300.0,373.0,228.0,17.0,15.0,33.0,37.0,15.0,18.0,4.0,0.0,7.0,18.0,1.35,0.29,4.0,1.0,19.0,10.0,0.0,1.0,1.3479919999999999,0.28692,4.3956521739130432,6.750237416904084,1.3599999999999999,3,3.9409090909090905,6.6761341222879675,0.29,1,H
12651026,2024-09-14,86542,PS Barito Putera,135866,Persik Kediri,2.0,2.0,12651026,46.0,54.0,281.0,354.0,227.0,304.0,20.0,14.0,45.0,29.0,5.0,8.0,7.0,1.0,19.0,8.0,2.47,1.18,3.0,3.0,12.0,16.0,1.0,2.0,2.4726172,1.1794470000000001,4.1434782608695651,6.6821256038647343,2.47,4,4.6869565217391287,6.83070342205323,1.1800000000000002,3,D
12651022,2024-09-14,86576,Persita Tangerang,76319,Persebaya Surabaya,0.0,1.0,12651022,65.0,35.0,452.0,228.0,384.0,158.0,12.0,7.0,46.0,28.0,13.0,14.0,5.0,1.0,14.0,14.0,1.93,0.4,5.0,3.0,10.0,22.0,0.0,0.0,1.9319791,0.40476,4.786956521739131,6.92552380952381,1.9400000000000004,0,5.045,6.8007714561234334,0.4,1,A
12653691,2024-09-13,491968,Malut United FC,86066,Semen Padang FC,2.0,1.0,12653691,59.0,41.0,467.0,340.0,399.0,288.0,31.0,18.0,47.0,25.0,13.0,15.0,4.0,2.0,17.0,25.0,1.2,1.01,4.0,3.0,9.0,14.0,2.0,2.0,1.2023810000000001,1.014387,4.5347826086956529,7.0112414467253181,1.2000000000000002,3,4.5956521739130425,6.5934570312500007,1.0,2,H
12651025,2024-09-13,200020,Persis Solo,86578,Madura United FC,,,12651025,55.0,45.0,406.0,306.0,330.0,237.0,16.0,19.0,38.0,35.0,6.0,16.0,1.0,2.0,5.0,26.0,1.67,0.48,4.0,3.0,14.0,12.0,6.0,1.0,1.6687309,0.476448,5.0043478260869554,7.3388235294117647,1.66,8,4.1869565217391305,6.4245320197044338,0.47000000000000003,0,D
12651023,2024-09-12,204733,PSS Sleman,189945,Borneo FC Samarinda,1.0,1.0,12651023,49.0,51.0,405.0,372.0,325.0,313.0,17.0,11.0,42.0,32.0,17.0,13.0,1.0,3.0,20.0,13.0,1.56,2.07,1.0,4.0,10.0,8.0,3.0,3.0,1.5567684,2.072615,5.2285714285714278,6.886493987049028,1.55,0,4.6652173913043473,7.015,2.07,2,D
12651027,2024-09-12,266861,PSBS Biak,64295,Persija Jakarta,3.0,1.0,12651027,46.0,54.0,304.0,492.0,237.0,421.0,27.0,13.0,42.0,32.0,20.0,12.0,3.0,2.0,25.0,16.0,1.08,0.48,5.0,5.0,13.0,13.0,1.0,0.0,1.082385,0.4801726,5.127272727272727,7.1495660559305687,1.0900000000000003,4,4.6217391304347828,6.6790944123314073,0.48,2,H
12651021,2024-09-11,383891,Dewa United FC,189471,PSIS Semarang,2.0,1.0,12651021,48.0,52.0,382.0,353.0,317.0,289.0,12.0,28.0,33.0,44.0,16.0,7.0,2.0,5.0,15.0,12.0,0.81,1.58,5.0,6.0,7.0,14.0,3.0,2.0,0.813747,1.582487,5.3368421052631581,6.86615087040619,0.80999999999999994,4,4.6217391304347828,6.7005741626794251,1.5899999999999999,1,H
12651019,2024-09-11,64299,Bali United FC,47465,Arema FC,0.0,0.0,,,,,,,,,,,,,,,,,,,,,,,,,,,,,,,,,,,,D
12651024,2024-09-11,135864,PSM Makassar,64289,Persib Bandung,0.0,0.0,12651024,48.0,52.0,252.0,308.0,176.0,232.0,15.0,8.0,34.0,42.0,10.0,15.0,2.0,2.0,18.0,11.0,0.2,0.53,4.0,3.0,18.0,10.0,0.0,3.0,0.202834,0.52829100000000007,4.1652173913043473,6.8147859922178995,0.2,0,4.5909090909090908,6.7715676728334957,0.53,0,D
12651015,2024-08-27,189945,Borneo FC Samarinda,64299,Bali United FC,2.0,0.0,12651015,62.0,38.0,415.0,202.0,355.0,141.0,8.0,21.0,39.0,38.0,20.0,11.0,5.0,4.0,15.0,11.0,2.34,1.31,5.0,4.0,18.0,16.0,0.0,1.0,2.3413259,1.3064959999999999,4.3652173913043484,7.2433170731707319,2.34,4,4.6391304347826079,6.6892960462873683,1.3,0,H
12651020,2024-08-26,86066,Semen Padang FC,204733,PSS Sleman,1.0,0.0,12651020,36.0,64.0,187.0,487.0,134.0,405.0,10.0,14.0,34.0,41.0,19.0,10.0,2.0,3.0,19.0,4.0,1.16,1.66,3.0,5.0,11.0,15.0,3.0,5.0,1.155918,1.660725,4.2217391304347833,7.0030858244937324,1.15,1,5.515,6.9450888681010285,1.67,0,H
12651018,2024-08-26,135864,PSM Makassar,383891,Dewa United FC,3.0,1.0,12651018,36.0,64.0,230.0,469.0,163.0,385.0,21.0,13.0,41.0,40.0,20.0,15.0,3.0,3.0,22.0,6.0,2.13,1.07,3.0,8.0,12.0,7.0,0.0,0.0,2.133531,1.070959,4.7043478260869573,7.224760076775433,2.1399999999999997,6,4.6761904761904765,6.5205910390848443,1.06,1,H
12651014,2024-08-25,135866,Persik Kediri,491968,Malut United FC,0.0,0.0,12651014,60.0,40.0,482.0,304.0,414.0,228.0,10.0,12.0,37.0,37.0,14.0,16.0,1.0,1.0,5.0,15.0,1.24,0.42,4.0,2.0,13.0,9.0,0.0,0.0,1.2353399999999999,0.4213947,4.8043478260869552,7.0007633587786255,1.23,0,4.7565217391304344,6.9399043062200958,0.42,0,D
12651016,2024-08-25,64289,Persib Bandung,47465,Arema FC,1.0,1.0,12651016,56.0,44.0,370.0,234.0,299.0,168.0,22.0,19.0,37.0,36.0,12.0,17.0,7.0,0.0,7.0,14.0,1.23,0.88,5.0,5.0,15.0,13.0,4.0,2.0,1.2263570000000001,0.878575,4.1260869565217391,6.7892337536372462,1.21,2,4.1434782608695659,6.8706679574056144,0.88000000000000012,2,D
12651017,2024-08-24,86578,Madura United FC,86576,Persita Tangerang,0.0,1.0,12651017,49.0,51.0,342.0,359.0,280.0,306.0,22.0,21.0,34.0,35.0,9.0,17.0,1.0,2.0,8.0,23.0,0.48,0.57,4.0,2.0,15.0,12.0,0.0,2.0,0.480811,0.569438,4.6478260869565222,6.7905660377358492,0.47000000000000003,0,4.786956521739131,7.0128571428571416,0.58,2,A
12651011,2024-08-24,64295,Persija Jakarta,200020,Persis Solo,2.0,1.0,12651011,55.0,45.0,449.0,297.0,370.0,227.0,11.0,17.0,37.0,43.0,12.0,17.0,2.0,4.0,9.0,7.0,1.95,2.35,3.0,6.0,11.0,10.0,1.0,3.0,1.9545530000000002,2.351346,4.7181818181818178,7.0374407582938376,1.95,2,4.9136363636363649,6.8174603174603172,2.35,1,H
12651012,2024-08-23,189471,PSIS Semarang,266861,PSBS Biak,1.0,0.0,12651012,45.0,55.0,333.0,397.0,244.0,312.0,11.0,12.0,34.0,29.0,19.0,15.0,4.0,6.0,23.0,6.0,0.86,0.97,3.0,6.0,4.0,12.0,1.0,3.0,0.863843,0.9737797,4.5000000000000009,7.0024703557312247,0.86,1,4.7086956521739136,6.8719607843137247,0.98,0,H
12651013,2024-08-23,76319,Persebaya Surabaya,86542,PS Barito Putera,2.0,1.0,12651013,58.0,42.0,402.0,266.0,335.0,210.0,13.0,9.0,39.0,31.0,11.0,10.0,4.0,3.0,14.0,16.0,3.51,0.28,4.0,3.0,16.0,11.0,0.0,0.0,3.5095530000000004,0.28303570000000006,4.8849999999999989,7.0460038986354778,3.5199999999999996,2,4.4636363636363638,6.6708163265306126,0.28,2,H
12651010,2024-08-19,204733,PSS Sleman,135866,Persik Kediri,0.0,2.0,12651010,46.0,54.0,304.0,335.0,236.0,275.0,7.0,16.0,35.0,36.0,10.0,15.0,1.0,2.0,19.0,19.0,0.77,2.43,5.0,2.0,15.0,15.0,2.0,0.0,0.76862,2.4270899999999997,4.8136363636363644,6.6361058601134228,0.77,0,4.3913043478260869,7.2196531791907512,2.43,4,A
12651009,2024-08-19,383891,Dewa United FC,64289,Persib Bandung,2.0,2.0,12651009,63.0,37.0,548.0,331.0,475.0,252.0,9.0,3.0,39.0,29.0,11.0,1.0,2.0,1.0,7.0,4.0,2.92,0.96,6.0,3.0,8.0,10.0,2.0,1.0,2.915,0.957805,4.3590909090909093,6.9344488188976374,2.91,4,4.8499999999999988,6.7333656644034932,0.96,3,D
12653696,2024-08-18,64299,Bali United FC,86066,Semen Padang FC,2.0,0.0,12653696,58.0,42.0,402.0,270.0,339.0,208.0,22.0,11.0,42.0,29.0,15.0,19.0,9.0,1.0,11.0,23.0,3.27,0.71,7.0,0.0,16.0,14.0,0.0,2.0,3.269374,0.712265,5.0217391304347831,7.4277832512315269,3.2599999999999993,3,4.3782608695652181,6.7319567354965582,0.71000000000000008,0,H
12653693,2024-08-18,86576,Persita Tangerang,64295,Persija Jakarta,0.0,0.0,12653693,29.0,71.0,234.0,654.0,173.0,591.0,21.0,21.0,36.0,35.0,19.0,15.0,1.0,3.0,27.0,15.0,0.15,0.66,2.0,8.0,15.0,15.0,2.0,0.0,0.15146300000000001,0.662982,4.7695652173913041,6.96488038277512,0.15,0,4.6434782608695668,7.2081730769230772,0.66000000000000014,0,D
12653699,2024-08-17,47465,Arema FC,189945,Borneo FC Samarinda,0.0,2.0,12653699,42.0,58.0,266.0,399.0,200.0,322.0,13.0,9.0,47.0,30.0,8.0,19.0,1.0,0.0,10.0,7.0,1.4,0.71,5.0,4.0,9.0,19.0,4.0,2.0,1.4005619999999999,0.71366,4.6999999999999993,6.8036274509803913,1.4000000000000004,0,4.5045454545454549,7.144117647058823,0.71,3,A
12653694,2024-08-17,200020,Persis Solo,189471,PSIS Semarang,0.0,1.0,12653694,57.0,43.0,424.0,333.0,341.0,277.0,21.0,15.0,44.0,33.0,8.0,23.0,6.0,0.0,9.0,18.0,1.35,0.05,9.0,2.0,10.0,16.0,4.0,2.0,1.34659,0.04751,4.5086956521739117,6.9440776699029119,1.33,0,4.2260869565217387,6.96409756097561,0.05,1,A
12653700,2024-08-16,266861,PSBS Biak,135864,PSM Makassar,,,12653700,57.0,43.0,336.0,240.0,250.0,164.0,20.0,17.0,39.0,34.0,14.0,19.0,2.0,2.0,17.0,17.0,0.75,2.71,5.0,3.0,19.0,18.0,1.0,1.0,0.745344,2.7098349999999995,4.4,6.7090029041626336,0.75,2,4.7608695652173916,6.8161383285302595,2.7100000000000004,2,D
12653695,2024-08-16,491968,Malut United FC,76319,Persebaya Surabaya,0.0,0.0,12653695,41.0,59.0,308.0,405.0,241.0,329.0,15.0,17.0,29.0,41.0,18.0,15.0,4.0,1.0,19.0,25.0,2.2,1.05,6.0,8.0,9.0,12.0,1.0,2.0,2.197031,1.049267,4.8086956521739133,6.9714147286821717,2.1999999999999997,0,4.7809523809523817,7.1581622678396872,1.05,0,D
12653698,2024-08-16,86542,PS Barito Putera,86578,Madura United FC,1.0,0.0,12653698,38.0,62.0,325.0,519.0,256.0,431.0,15.0,12.0,34.0,30.0,16.0,17.0,1.0,1.0,23.0,3.0,0.67,1.66,1.0,2.0,13.0,17.0,1.0,1.0,0.666993,1.6644690000000002,4.1739130434782625,6.9327093596059122,0.67,1,4.5043478260869572,6.9097847358121331,1.66,0,H
12652788,2024-08-12,47465,Arema FC,383891,Dewa United FC,0.0,0.0,12652788,42.0,58.0,239.0,398.0,192.0,347.0,8.0,17.0,32.0,41.0,9.0,15.0,5.0,2.0,13.0,14.0,0.83,1.24,10.0,4.0,13.0,13.0,0.0,1.0,0.83196920000000008,1.2374809,4.7521739130434772,6.9573802541544474,0.82,0,4.4499999999999993,7.0697947214076242,1.23,0,D
12652789,2024-08-12,86066,Semen Padang FC,189945,Borneo FC Samarinda,1.0,3.0,12652789,33.0,67.0,315.0,629.0,225.0,544.0,12.0,21.0,37.0,33.0,15.0,18.0,3.0,5.0,13.0,18.0,0.88,1.09,2.0,6.0,9.0,7.0,2.0,2.0,0.876168,1.093452,4.2478260869565219,6.5004873294346979,0.87,1,5.4571428571428564,7.3260115606936411,1.09,6,A
12652787,2024-08-11,135866,Persik Kediri,64299,Bali United FC,1.0,3.0,12652787,63.0,37.0,375.0,233.0,300.0,161.0,18.0,17.0,38.0,40.0,15.0,24.0,4.0,1.0,15.0,31.0,0.47,0.96,0.0,5.0,15.0,26.0,0.0,3.0,0.471845,0.958313,4.6434782608695659,6.6826127819548855,0.47,2,4.7913043478260873,6.9415869980879537,0.96,4,A
12652786,2024-08-11,189471,PSIS Semarang,86576,Persita Tangerang,0.0,1.0,12652786,64.0,36.0,449.0,225.0,378.0,175.0,15.0,7.0,37.0,34.0,7.0,12.0,2.0,2.0,5.0,27.0,0.71,0.67,12.0,4.0,12.0,13.0,2.0,0.0,0.7132618,0.673261,4.5318181818181822,6.6634169884169889,0.71000000000000008,0,4.2217391304347833,6.9494685990338159,0.67,1,A
12652785,2024-08-11,76319,Persebaya Surabaya,204733,PSS Sleman,1.0,0.0,12652785,57.0,43.0,351.0,284.0,284.0,210.0,10.0,3.0,42.0,37.0,9.0,12.0,5.0,2.0,6.0,19.0,1.87,0.28,6.0,2.0,9.0,16.0,0.0,1.0,1.3976009999999999,0.18233000000000002,7.161538461538461,7.20746561886051,1.7999999999999998,1,5.32,6.6881679389312971,0.28,0,H
12652783,2024-08-10,135864,PSM Makassar,200020,Persis Solo,3.0,0.0,12652783,45.0,55.0,303.0,339.0,199.0,257.0,13.0,15.0,31.0,35.0,21.0,24.0,1.0,3.0,12.0,25.0,2.23,0.71,10.0,3.0,18.0,7.0,0.0,1.0,2.228093,0.707948,4.9608695652173918,7.2709369024856594,2.2199999999999993,5,4.5869565217391308,6.592483349191248,0.71000000000000008,0,H
12652782,2024-08-10,86578,Madura United FC,491968,Malut United FC,1.0,1.0,12652782,60.0,40.0,436.0,283.0,369.0,218.0,21.0,15.0,34.0,38.0,14.0,10.0,1.0,3.0,11.0,15.0,1.49,2.35,3.0,5.0,15.0,13.0,0.0,2.0,1.494109,2.3459146000000004,4.6826086956521733,6.7351377018043683,1.4900000000000002,1,4.6304347826086953,6.6858407079646014,2.33,1,D
12652781,2024-08-10,64295,Persija Jakarta,86542,PS Barito Putera,3.0,0.0,12652781,57.0,43.0,550.0,341.0,493.0,280.0,8.0,10.0,30.0,43.0,13.0,8.0,3.0,1.0,10.0,14.0,2.06,0.64,5.0,3.0,25.0,8.0,1.0,0.0,2.05661,0.635869,4.9,7.1812680115273784,2.06,4,4.5227272727272716,6.6110896817743487,0.62,0,H
12652779,2024-08-09,64289,Persib Bandung,266861,PSBS Biak,4.0,1.0,12652779,40.0,60.0,298.0,426.0,220.0,363.0,25.0,22.0,41.0,38.0,17.0,17.0,1.0,3.0,8.0,18.0,1.49,1.1,4.0,4.0,16.0,10.0,0.0,2.0,1.4925760000000001,1.100518,4.9478260869565229,7.252119460500964,1.49,7,4.3260869565217392,6.6199029126213595,1.1,2,H