,match_id,match_date,homeTeam_name,awayTeam_name,pi_rating_home,pi_rating_away,possession_home_last3_mean,possession_away_last3_mean,xG_home_last3_mean,xG_away_last3_mean,goal_contrib_home_last3_mean,goal_contrib_away_last3_mean,interceptions_home_last3_mean,interceptions_away_last3_mean,passes_home_last3_mean,passes_away_last3_mean,dribblesPct_home_last3_mean,dribblesPct_away_last3_mean,corners_home_last3_mean,corners_away_last3_mean,avg_rating_home_last3_mean,avg_rating_away_last3_mean,weighted_rating_home_last3_mean,weighted_rating_away_last3_mean
0,12652779,2024-08-09,Persib Bandung,PSBS Biak,0.0,0.0,0.0,0.0,0.0,0.0,0.0,0.0,0.0,0.0,0.0,0.0,0.0,0.0,0.0,0.0,0.0,0.0,0.0,0.0
1,12652783,2024-08-10,PSM Makassar,Persis Solo,0.0,0.0,0.0,0.0,0.0,0.0,0.0,0.0,0.0,0.0,0.0,0.0,0.0,0.0,0.0,0.0,0.0,0.0,0.0,0.0
2,12652782,2024-08-10,Madura United FC,Malut United FC,0.0,0.0,0.0,0.0,0.0,0.0,0.0,0.0,0.0,0.0,0.0,0.0,0.0,0.0,0.0,0.0,0.0,0.0,0.0,0.0
3,12652781,2024-08-10,Persija Jakarta,PS Barito Putera,0.0,0.0,0.0,0.0,0.0,0.0,0.0,0.0,0.0,0.0,0.0,0.0,0.0,0.0,0.0,0.0,0.0,0.0,0.0,0.0
4,12652787,2024-08-11,Persik Kediri,Bali United FC,0.0,0.0,0.0,0.0,0.0,0.0,0.0,0.0,0.0,0.0,0.0,0.0,0.0,0.0,0.0,0.0,0.0,0.0,0.0,0.0
5,12652786,2024-08-11,PSIS Semarang,Persita Tangerang,0.0,0.0,0.0,0.0,0.0,0.0,0.0,0.0,0.0,0.0,0.0,0.0,0.0,0.0,0.0,0.0,0.0,0.0,0.0,0.0
6,12652785,2024-08-11,Persebaya Surabaya,PSS Sleman,0.0,0.0,0.0,0.0,0.0,0.0,0.0,0.0,0.0,0.0,0.0,0.0,0.0,0.0,0.0,0.0,0.0,0.0,0.0,0.0
7,12652788,2024-08-12,Arema FC,Dewa United FC,0.0,0.0,0.0,0.0,0.0,0.0,0.0,0.0,0.0,0.0,0.0,0.0,0.0,0.0,0.0,0.0,0.0,0.0,0.0,0.0
8,12652789,2024-08-12,Semen Padang FC,Borneo FC Samarinda,0.0,0.0,0.0,0.0,0.0,0.0,0.0,0.0,0.0,0.0,0.0,0.0,0.0,0.0,0.0,0.0,0.0,0.0,0.0,0.0
9,12653695,2024-08-16,Malut United FC,Persebaya Surabaya,0.0,0.07142857142857142,0.0,0.0,0.0,0.0,0.0,0.0,0.0,0.0,0.0,0.0,0.0,0.0,0.0,0.0,0.0,0.0,0.0,0.0
10,12653698,2024-08-16,PS Barito Putera,Madura United FC,-0.11538461538461539,0.0,0.0,0.0,0.0,0.0,0.0,0.0,0.0,0.0,0.0,0.0,0.0,0.0,0.0,0.0,0.0,0.0,0.0,0.0
11,12653699,2024-08-17,Arema FC,Borneo FC Samarinda,0.0,0.1,42.0,67.0,0.8319692,1.093452,0.0,6.0,9.0,18.0,239.0,629.0,8.0,21.0,10.0,6.0,4.752173913043476,5.457142857142856,6.957380254154448,7.326011560693642
12,12653694,2024-08-17,Persis Solo,PSIS Semarang,-0.11538461538461539,-0.07142857142857142,0.0,0.0,0.0,0.0,0.0,0.0,0.0,0.0,0.0,0.0,0.0,0.0,0.0,0.0,0.0,0.0,0.0,0.0
14,12653693,2024-08-18,Persita Tangerang,Persija Jakarta,0.07142857142857142,0.11538461538461539,0.0,0.0,0.0,0.0,0.0,0.0,0.0,0.0,0.0,0.0,0.0,0.0,0.0,0.0,0.0,0.0,0.0,0.0
13,12653696,2024-08-18,Bali United FC,Semen Padang FC,0.1,-0.1,0.0,0.0,0.0,0.0,0.0,0.0,0.0,0.0,0.0,0.0,0.0,0.0,0.0,0.0,0.0,0.0,0.0,0.0
15,12651010,2024-08-19,PSS Sleman,Persik Kediri,-0.07142857142857142,-0.1,0.0,0.0,0.0,0.0,0.0,0.0,0.0,0.0,0.0,0.0,0.0,0.0,0.0,0.0,0.0,0.0,0.0,0.0
16,12651009,2024-08-19,Dewa United FC,Persib Bandung,0.0,0.11538461538461539,0.0,0.0,0.0,0.0,0.0,0.0,0.0,0.0,0.0,0.0,0.0,0.0,0.0,0.0,0.0,0.0,0.0,0.0
17,12651012,2024-08-23,PSIS Semarang,PSBS Biak,-0.0014572612596201982,-0.11538461538461539,64.0,60.0,0.7132618,1.100518,0.0,2.0,7.0,17.0,449.0,426.0,15.0,22.0,12.0,4.0,4.531818181818182,4.326086956521739,6.663416988416989,6.61990291262136
18,12651013,2024-08-23,Persebaya Surabaya,PS Barito Putera,0.06457925636007827,-0.04033176126199382,57.0,43.0,1.397601,0.635869,1.0,0.0,9.0,8.0,351.0,341.0,10.0,10.0,6.0,3.0,7.161538461538461,4.522727272727272,7.20746561886051,6.611089681774349
19,12651017,2024-08-24,Madura United FC,Persita Tangerang,-0.07505285412262157,0.0757112266748241,60.0,36.0,1.494109,0.673261,1.0,1.0,14.0,12.0,436.0,225.0,21.0,7.0,3.0,4.0,4.682608695652172,4.221739130434783,6.735137701804368,6.949468599033816
20,12651011,2024-08-24,Persija Jakarta,Persis Solo,0.11110196013836271,-0.18535592555356661,57.0,55.0,2.05661,0.707948,4.0,0.0,13.0,24.0,550.0,339.0,8.0,15.0,5.0,3.0,4.9,4.586956521739131,7.1812680115273775,6.592483349191248
21,12651014,2024-08-25,Persik Kediri,Malut United FC,0.00045402951191826635,0.00684931506849315,63.0,40.0,0.471845,2.3459146000000004,2.0,1.0,15.0,10.0,375.0,283.0,18.0,15.0,0.0,5.0,4.643478260869566,4.630434782608695,6.6826127819548855,6.685840707964601
22,12651016,2024-08-25,Persib Bandung,Arema FC,0.10459324847814058,-0.09751037344398339,40.0,0.0,1.492576,0.0,7.0,0.0,17.0,0.0,298.0,0.0,25.0,0.0,4.0,0.0,4.947826086956522,0.0,7.252119460500964,0.0
23,12651020,2024-08-26,Semen Padang FC,PSS Sleman,-0.1966386554621849,-0.17188260094048968,33.0,43.0,0.876168,0.18233,1.0,0.0,15.0,12.0,315.0,284.0,12.0,3.0,2.0,2.0,4.247826086956522,5.32,6.500487329434698,6.688167938931297
24,12651018,2024-08-26,PSM Makassar,Dewa United FC,0.11538461538461539,0.01079136690647482,45.0,58.0,2.228093,1.2374809,5.0,0.0,21.0,15.0,303.0,398.0,13.0,17.0,10.0,4.0,4.960869565217392,4.449999999999999,7.270936902485659,7.069794721407624
25,12651015,2024-08-27,Borneo FC Samarinda,Bali United FC,0.1975103734439834,0.1966386554621849,0.0,37.0,0.0,0.958313,0.0,4.0,0.0,24.0,0.0,233.0,0.0,17.0,0.0,5.0,0.0,4.791304347826087,0.0,6.941586998087954
27,12651019,2024-09-11,Bali United FC,Arema FC,0.09586176312252422,-0.07503429646953727,58.0,44.0,3.269374,0.878575,3.0,2.0,15.0,17.0,402.0,234.0,22.0,19.0,7.0,5.0,5.021739130434783,4.143478260869566,7.427783251231528,6.870667957405614
26,12651021,2024-09-11,Dewa United FC,PSIS Semarang,-0.08650683304515536,0.06531669662963346,63.0,43.0,2.915,0.04751,4.0,1.0,11.0,23.0,548.0,333.0,9.0,15.0,6.0,2.0,4.3590909090909085,4.226086956521739,6.9344488188976365,6.96409756097561
28,12651024,2024-09-11,PSM Makassar,Persib Bandung,0.21268281533624556,0.08211717150369446,40.5,37.0,2.180812,0.957805,5.5,3.0,20.5,1.0,266.5,331.0,17.0,3.0,6.5,3.0,4.8326086956521745,4.849999999999999,7.247848489630546,6.733365664403493
30,12651027,2024-09-12,PSBS Biak,Persija Jakarta,-0.18215857327386906,0.1668715101156689,0.0,71.0,0.0,0.662982,0.0,0.0,0.0,15.0,0.0,654.0,0.0,21.0,0.0,8.0,0.0,4.643478260869567,0.0,7.208173076923077
29,12651023,2024-09-12,PSS Sleman,Borneo FC Samarinda,-0.24456916644294122,0.29828726578364406,46.0,62.5,0.76862,0.903556,0.0,4.5,10.0,18.5,304.0,514.0,7.0,15.0,5.0,5.0,4.813636363636364,4.980844155844156,6.636105860113423,7.235064603876232
31,12653691,2024-09-13,Malut United FC,Semen Padang FC,0.0013943665407855571,-0.12395208995973336,41.0,42.0,2.197031,0.712265,0.0,0.0,18.0,19.0,308.0,270.0,15.0,11.0,6.0,0.0,4.808695652173912,4.378260869565217,6.971414728682172,6.731956735496558
32,12651026,2024-09-14,PS Barito Putera,Persik Kediri,-0.10481222148778718,0.005908978039625857,38.0,54.0,0.666993,2.42709,1.0,4.0,16.0,15.0,325.0,335.0,15.0,16.0,1.0,2.0,4.173913043478263,4.391304347826087,6.932709359605912,7.21965317919075
33,12651022,2024-09-14,Persita Tangerang,Persebaya Surabaya,0.14063480926116773,0.12905971658587162,29.0,59.0,0.151463,1.049267,0.0,0.0,19.0,15.0,234.0,405.0,21.0,17.0,2.0,8.0,4.769565217391304,4.780952380952382,6.96488038277512,7.158162267839687
34,12657423,2024-09-15,PSM Makassar,Arema FC,0.19152805553511817,-0.056543910462377445,43.0,44.0,1.5214860000000001,0.878575,3.6666666666666665,2.0,17.0,17.0,261.6666666666667,234.0,16.333333333333332,19.0,5.666666666666667,5.0,4.610144927536232,4.143478260869566,7.1034943238263315,6.870667957405614
35,12651030,2024-09-15,Persib Bandung,PSIS Semarang,0.10327193130482186,-0.011688707991787738,48.0,47.5,1.3594665,0.8149985,4.5,1.0,14.5,15.0,334.0,343.0,23.5,21.5,4.5,4.0,4.53695652173913,4.423913043478261,7.020676607069105,6.832335861827517
36,12651028,2024-09-16,Bali United FC,PSS Sleman,0.07737137711536438,-0.19567954175877872,58.0,53.5,3.269374,0.9215275,3.0,0.0,15.0,11.0,402.0,385.5,22.0,8.5,7.0,3.5,5.021739130434783,5.4175,7.427783251231528,6.816628403516162
37,12651033,2024-09-16,Persija Jakarta,Dewa United FC,0.06174785151691666,-0.009501428423734155,56.0,61.0,2.0055815,1.1542199499999999,3.0,0.5,12.5,15.0,499.5,433.5,9.5,15.0,4.0,6.0,4.809090909090909,4.563095238095238,7.109354384910608,6.795192880246234
38,12651031,2024-09-17,PSBS Biak,Madura United FC,-0.07703491467511683,-0.1399764367089652,46.0,62.0,1.082385,1.6644690000000002,4.0,0.0,20.0,17.0,304.0,519.0,27.0,12.0,5.0,2.0,5.127272727272727,4.504347826086957,7.149566055930569,6.909784735812133
39,12651032,2024-09-17,Borneo FC Samarinda,Malut United FC,0.2493976410994816,0.06666660028276321,62.0,40.0,2.3413259,1.3836546500000002,4.0,0.5,20.0,13.0,415.0,293.5,8.0,13.5,5.0,3.5,4.365217391304348,4.693478260869565,7.243317073170733,6.812872507092349
40,12650967,2024-09-18,Semen Padang FC,PS Barito Putera,-0.18922432370171102,-0.09332100281328129,34.5,42.5,1.016043,0.45945235,1.0,1.0,17.0,9.0,251.0,303.5,11.0,9.5,2.5,3.0,4.234782608695653,4.493181818181817,6.751786576964215,6.640953004152481
41,12650962,2024-09-18,Persik Kediri,Persita Tangerang,-0.005582240634880052,0.06864979932493603,61.5,43.5,0.8535925000000001,0.6213495,1.0,1.5,14.5,14.5,428.5,292.0,14.0,14.0,2.0,3.0,4.723913043478261,4.504347826086957,6.8416880703667555,6.981162870945479
42,12650970,2024-09-18,Persebaya Surabaya,Persis Solo,0.2010447265221033,-0.24112547553087277,57.5,50.0,2.453577,1.529647,1.5,0.5,10.0,20.5,376.5,318.0,11.5,16.0,5.0,4.5,6.02326923076923,4.750296442687748,7.126734758747994,6.704971833325782
44,12650975,2024-09-20,PSM Makassar,PSIS Semarang,0.11059475679105574,-0.07740895105390003,44.666666666666664,46.0,1.5457616666666667,0.6389723333333334,2.0,1.0,15.666666666666666,16.0,253.0,328.6666666666667,17.0,19.333333333333332,3.3333333333333335,3.0,4.505797101449275,4.262911725955203,6.918285691259341,6.780268615314334
43,12650971,2024-09-20,PSS Sleman,Arema FC,-0.16445811687741846,0.024389388281684993,47.5,47.0,1.1626942,0.7836414999999999,0.0,2.0,13.5,18.0,354.5,280.0,12.0,18.5,3.0,2.5,5.021103896103896,4.071739130434783,6.761299923581225,6.990196454144851
46,12653692,2024-09-21,Malut United FC,Bali United FC,0.003616665922473644,0.04614995223400412,50.0,37.5,1.699706,1.1324045,1.5,2.0,15.5,17.5,387.5,217.5,23.0,19.0,5.0,4.5,4.671739130434783,4.715217391304348,6.991328087703745,6.815441522187661
45,12650977,2024-09-21,Dewa United FC,Madura United FC,0.008790938324278677,-0.20613142654986455,55.5,57.0,1.8643735000000001,1.9095845000000002,4.0,1.0,13.5,11.5,465.0,455.5,10.5,8.5,5.5,3.0,4.847966507177033,4.480434782608696,6.900299844651913,6.901795022773323
47,12650974,2024-09-22,Persita Tangerang,Semen Padang FC,-0.008594227143102515,-0.26000765506324197,47.0,41.5,1.04172105,0.863326,0.0,1.0,16.0,17.0,343.0,305.0,16.5,14.5,3.5,1.5,4.778260869565218,4.486956521739129,6.945202096149465,6.662706883373279
48,12650980,2024-09-22,PSBS Biak,Persebaya Surabaya,-0.010879924834217514,0.24802936704768766,47.0,47.0,1.039335,0.7270135,3.5,0.5,13.0,14.5,322.0,316.5,18.5,12.0,5.0,5.5,4.83102766798419,4.912976190476191,7.0747830279652835,6.97946686198156
49,12650973,2024-09-23,Persis Solo,Persik Kediri,-0.2881101160564571,0.0716617858331585,57.0,54.0,1.34659,1.8032685000000002,0.0,3.5,8.0,11.5,424.0,344.5,21.0,15.0,9.0,2.5,4.508695652173912,4.539130434782608,6.944077669902912,7.02517830062199
50,12650979,2024-09-23,Persib Bandung,Persija Jakarta,0.16899217436693414,0.043455484768903825,51.0,62.5,1.3556416666666664,0.5715773,4.0,1.0,14.666666666666666,13.5,370.3333333333333,573.0,21.333333333333332,17.0,4.333333333333333,6.5,4.489855072463768,4.632608695652175,6.930530210347431,6.943633744627242
51,12650978,2024-09-23,PS Barito Putera,Borneo FC Samarinda,-0.022537671451750344,0.31244757545977114,42.0,58.666666666666664,1.5698051,1.2932423333333334,2.5,3.6666666666666665,10.5,16.666666666666668,303.0,466.6666666666667,17.5,13.666666666666666,2.0,4.666666666666667,4.158695652173915,4.875635234330886,6.807417481735323,7.161709735917488
52,12650976,2024-09-26,PSIS Semarang,Arema FC,-0.053459936683021,-0.0797463510509297,54.5,55.5,0.7885523999999999,1.5879141499999998,0.5,1.5,13.0,16.0,391.0,369.0,13.0,14.5,7.5,4.5,4.5159090909090915,4.352173913043478,6.832943672074107,6.9468796838550455
53,12650981,2024-09-26,PSS Sleman,Malut United FC,-0.06032237754480377,-0.11171028406931564,44.666666666666664,36.0,1.0010094666666667,1.0814344333333334,1.3333333333333333,0.3333333333333333,14.333333333333334,11.666666666666666,320.3333333333333,274.0,14.333333333333334,11.333333333333334,3.0,2.6666666666666665,4.947402597402598,4.660869565217391,6.8449456469509,6.755503740812057
54,12650984,2024-09-27,Bali United FC,PS Barito Putera,0.16147690222579342,0.007473753441282014,56.0,40.333333333333336,1.643303,0.4596015666666666,1.5,1.6666666666666667,11.5,10.333333333333334,387.5,262.0,21.0,7.333333333333333,11.0,3.3333333333333335,4.958695652173914,4.533135704874835,7.271940868040007,6.655729675724295
55,12650982,2024-09-27,Persebaya Surabaya,Dewa United FC,0.3122263489842295,-0.018714873169765226,53.666666666666664,58.666666666666664,2.3909483333333337,1.0957423,2.0,0.3333333333333333,8.666666666666666,14.333333333333334,349.6666666666667,437.0,9.666666666666666,12.0,5.0,5.666666666666667,6.312735042735042,4.743817878028405,7.058163512839003,6.853984795981149
56,12650983,2024-09-28,Persik Kediri,PSBS Biak,0.12620498778738304,-0.07507690677075937,61.5,57.5,0.8535925000000001,1.0371488500000001,1.0,1.0,14.5,16.0,428.5,411.5,14.0,17.0,2.0,5.0,4.723913043478261,4.517391304347827,6.8416880703667555,6.745931848467542
57,12650988,2024-09-28,Madura United FC,Persib Bandung,-0.17862561505582064,0.26456342650524933,54.5,44.5,0.98746,0.7430479999999999,0.5,1.5,11.5,8.0,389.0,319.5,21.5,5.5,3.5,3.0,4.665217391304347,4.720454545454545,6.762851869770109,6.752466668618494
58,12650986,2024-09-29,Semen Padang FC,Persis Solo,-0.32057731166567494,-0.34265331801068166,44.333333333333336,51.333333333333336,1.4806403999999997,1.4071334999999998,1.0,1.0,13.666666666666666,18.666666666666668,298.0,322.3333333333333,15.666666666666666,14.0,2.3333333333333335,4.0,4.328985507246377,4.825955204216075,6.806938177746258,6.766513014124702
59,12650987,2024-09-29,Persija Jakarta,PSM Makassar,-0.05211576736941138,0.0866457424201767,52.666666666666664,0.0,1.523206,0.0,2.0,0.0,9.333333333333334,0.0,465.6666666666667,0.0,9.666666666666666,0.0,5.0,0.0,4.62635046113307,0.0,7.094022766102815,0.0
60,12650985,2024-09-30,Borneo FC Samarinda,Persita Tangerang,0.28243615056673876,0.05197542945933044,67.0,43.5,1.88380745,0.6213495,3.0,1.5,14.0,14.5,516.0,292.0,11.0,14.0,5.5,3.0,4.230434782608697,4.504347826086957,7.276240209892139,6.981162870945479
62,12650989,2024-10-17,PSIS Semarang,Persija Jakarta,-0.12537828964062975,-0.04610740910434402,50.333333333333336,58.666666666666664,0.6261229333333334,0.6651471999999999,1.0,0.6666666666666666,14.0,11.666666666666666,371.6666666666667,486.6666666666667,12.666666666666666,15.333333333333334,5.333333333333333,5.666666666666667,4.498484848484849,4.573913043478261,6.772873282181716,6.791359101735135
61,12650992,2024-10-17,Dewa United FC,Persik Kediri,0.01745132108291361,0.04633364200639084,56.0,50.666666666666664,1.8296489999999999,1.3021481666666668,3.6666666666666665,3.0,13.0,12.333333333333334,486.3333333333333,335.0,9.333333333333334,12.333333333333334,4.0,2.3333333333333335,4.923644338118021,4.599999999999999,6.871886831264668,6.960002780845837
63,12650990,2024-10-18,PSBS Biak,Semen Padang FC,0.004794439010232819,-0.32840160363897253,51.333333333333336,42.333333333333336,1.0239633333333333,0.654056,2.3333333333333335,0.6666666666666666,13.333333333333334,15.333333333333334,357.6666666666667,308.3333333333333,21.666666666666668,14.666666666666666,5.333333333333333,3.0,4.839525691699605,4.537681159420289,7.046009198130702,6.668954347369627
64,12650993,2024-10-18,Persib Bandung,Persebaya Surabaya,0.2272461809230163,0.27606015473155066,54.0,44.666666666666664,1.4547116666666666,0.7028823333333333,2.6666666666666665,1.0,12.666666666666666,18.666666666666668,380.6666666666667,286.0,20.0,13.0,3.3333333333333335,5.333333333333333,4.394202898550724,4.752510442773601,6.903784119553381,6.99357492291308
65,12650994,2024-10-18,PSM Makassar,Madura United FC,0.08063738415510935,-0.14130836947358758,49.666666666666664,52.333333333333336,1.1068240000000003,2.001075666666667,0.0,2.3333333333333335,12.333333333333334,12.0,276.6666666666667,432.3333333333333,19.333333333333332,12.666666666666666,5.666666666666667,3.0,4.540579710144928,4.495652173913044,6.835210325861705,6.933562474607933
66,12650995,2024-10-19,Arema FC,Malut United FC,-0.007827998093320951,-0.036762051327097825,42.0,41.333333333333336,1.1162656,0.8030058999999999,0.0,0.3333333333333333,8.5,12.666666666666666,252.5,332.3333333333333,10.5,10.0,7.5,2.6666666666666665,4.726086956521738,4.695652173913043,6.88050385256742,6.854003874114429
67,12650991,2024-10-19,Persis Solo,Borneo FC Samarinda,-0.33482902603738407,0.25825713075387063,56.5,56.333333333333336,1.44742,1.5014106666666667,0.0,2.0,8.5,13.666666666666666,381.5,420.3333333333333,24.5,12.666666666666666,11.0,3.3333333333333335,4.626086956521739,4.563833992094861,6.92494018891664,7.055576145679852
68,12651002,2024-10-20,PS Barito Putera,PSS Sleman,-0.05572437042141176,-0.1352706102870216,41.333333333333336,51.0,1.2901030666666666,0.6143516666666666,2.0,0.0,14.0,13.0,287.3333333333333,343.3333333333333,15.0,11.0,3.6666666666666665,3.6666666666666665,4.236231884057972,5.333333333333333,6.800613900239333,6.881223821566223
69,12650998,2024-10-20,Persita Tangerang,Bali United FC,0.07615444927219861,0.2246750260884872,50.0,40.0,1.0358593666666664,1.2099133333333334,0.3333333333333333,2.6666666666666665,18.0,14.333333333333334,358.6666666666667,249.66666666666666,14.666666666666666,17.0,3.3333333333333335,3.6666666666666665,4.602898550724638,4.557971014492753,6.961122023043925,6.872958453152325
70,12650999,2024-10-23,Madura United FC,PSIS Semarang,-0.23572262878807163,-0.2251363172646691,52.666666666666664,48.0,0.8878313333333333,0.7704756666666667,1.6666666666666667,0.6666666666666666,11.0,13.0,367.6666666666667,307.3333333333333,18.0,17.666666666666668,5.0,4.0,4.554084321475625,4.542549407114625,6.7999657626424375,6.743573342216789
71,12651008,2024-10-23,Persebaya Surabaya,PSM Makassar,0.17627878464703212,0.1750516434695934,48.0,29.0,2.8981170000000005,1.234168,1.6666666666666667,2.0,9.0,16.0,326.6666666666667,176.0,16.666666666666668,11.0,4.666666666666667,4.0,5.358888888888888,4.421739130434784,7.056840474384335,6.83111753371869
72,12650997,2024-10-25,Semen Padang FC,Dewa United FC,-0.3802218728138067,-0.05161853575525465,47.333333333333336,59.333333333333336,1.7192357333333332,0.9762153333333333,0.6666666666666666,0.3333333333333333,15.666666666666666,13.666666666666666,290.6666666666667,458.3333333333333,20.333333333333332,10.666666666666666,4.333333333333333,4.666666666666667,4.428194993412385,4.767151211361738,7.03754496537059,6.8225666471949795
73,12651006,2024-10-25,Borneo FC Samarinda,PSBS Biak,0.1680855622969058,0.05661470818506702,67.66666666666667,49.666666666666664,2.2332969666666664,1.1963925666666666,2.0,1.0,13.0,16.0,511.6666666666667,364.6666666666667,18.0,17.666666666666668,7.333333333333333,4.0,4.294202898550726,4.530434782608695,7.311108404499147,6.842172068862531
74,12653690,2024-10-26,Malut United FC,PS Barito Putera,-0.13712870854684653,-0.17288455493366206,51.666666666666664,43.666666666666664,1.4255053333333334,0.7281452333333333,1.6666666666666667,2.0,15.0,15.333333333333334,371.6666666666667,253.33333333333334,22.0,5.0,5.0,4.0,4.653623188405797,4.582081686429512,6.8681848905493625,6.708464778707366
75,12651001,2024-10-26,Arema FC,Persija Jakarta,0.09253865912642775,0.05365061851969531,47.666666666666664,58.0,1.4995060666666664,0.7457858666666667,1.3333333333333333,1.6666666666666667,9.0,11.333333333333334,321.0,474.3333333333333,13.0,12.333333333333334,6.666666666666667,5.666666666666667,4.669565217391303,4.668115942028986,6.917982581273186,6.768570017841682
77,12650996,2024-10-27,Bali United FC,Persis Solo,0.2887386216828296,-0.24465745758041924,50.5,52.333333333333336,1.0599835,1.4510255,2.5,1.0,10.5,14.666666666666666,342.0,352.3333333333333,10.0,14.333333333333334,11.0,4.666666666666667,4.543478260869566,4.984848484848485,6.989785485308493,6.913452221352216
76,12651007,2024-10-27,PSS Sleman,Persita Tangerang,-0.018110425774771288,0.012090853677856204,44.0,41.0,0.9373691666666666,0.43398349999999997,1.3333333333333333,1.0,14.0,17.5,356.0,292.5,16.333333333333332,17.5,3.0,3.0,4.906625258799172,4.823913043478261,6.885765224680238,7.078119392684609
78,12651004,2024-10-28,Persik Kediri,Persib Bandung,0.1154034988445591,0.3270275510075349,63.0,46.666666666666664,1.1295309,0.7945570000000001,0.0,2.3333333333333335,17.5,9.0,544.5,334.3333333333333,14.0,10.333333333333334,4.0,2.6666666666666665,4.7586956521739125,4.867604617604616,6.9225176017194086,6.793000107627641
79,12651000,2024-11-01,PS Barito Putera,Arema FC,-0.1634245129934927,0.018169460258212325,49.333333333333336,56.333333333333336,1.1364527333333332,1.5199067666666666,1.6666666666666667,2.0,10.0,13.666666666666666,297.0,411.0,14.0,15.666666666666666,6.0,4.0,4.3768115942028984,4.5260869565217385,6.710911412282228,6.9648642336811415
80,12651005,2024-11-01,Persib Bandung,Semen Padang FC,0.4228313349184958,-0.5192668865225492,52.333333333333336,40.666666666666664,1.2554836666666667,0.8027143333333333,3.0,2.0,14.0,11.666666666666666,413.3333333333333,321.3333333333333,19.666666666666668,14.333333333333334,2.3333333333333335,4.0,4.539130434782609,4.502898550724637,7.015521016489114,6.60142430309982
81,12651003,2024-11-02,PSIS Semarang,Persebaya Surabaya,-0.2965644582734539,0.16886446735358634,39.333333333333336,41.333333333333336,0.3951306666666667,0.529934,1.0,1.0,15.0,17.666666666666668,298.3333333333333,299.6666666666667,11.0,14.0,2.0,4.0,4.267588932806324,4.6679505582137155,6.691509013251448,6.831666546076768
82,12651035,2024-11-02,Borneo FC Samarinda,Dewa United FC,0.2811709123332583,0.08742647795348787,65.0,56.666666666666664,2.159228333333333,2.0155456666666667,2.3333333333333335,4.0,10.333333333333334,12.666666666666666,520.3333333333334,438.3333333333333,22.666666666666668,11.333333333333334,7.0,3.3333333333333335,4.484057971014493,5.07984962406015,7.327587715031051,7.132369634166699
83,12650969,2024-11-03,PSBS Biak,Bali United FC,-0.0564706418512855,0.396592079086756,57.0,44.333333333333336,1.3915321666666667,1.6898598,2.6666666666666665,1.6666666666666667,10.666666666666666,10.0,430.0,273.3333333333333,19.333333333333332,20.666666666666668,5.333333333333333,4.0,4.763768115942031,4.597101449275362,7.034861459717505,6.927324291265774
84,12650966,2024-11-03,Persis Solo,PSS Sleman,-0.3525109149843456,-0.08674825735427175,53.333333333333336,49.333333333333336,1.6460886333333333,1.0307216,1.6666666666666667,1.6666666666666667,12.333333333333334,13.333333333333334,366.6666666666667,325.0,20.666666666666668,11.666666666666666,8.666666666666666,3.3333333333333335,4.694202898550724,4.996507936507936,6.941754997739299,6.970133894298791
85,12650955,2024-11-04,Persita Tangerang,Malut United FC,0.08072868525735666,-0.14658875048701586,57.0,41.666666666666664,1.1188043666666665,1.182336,0.3333333333333333,0.6666666666666666,21.666666666666668,13.333333333333334,377.0,335.6666666666667,12.666666666666666,15.0,3.3333333333333335,3.6666666666666665,4.572463768115942,4.679710144927537,6.915412294176302,6.823668945884765
86,12650946,2024-11-04,PSM Makassar,Persik Kediri,0.18246596076303917,0.019599714933598165,47.0,47.0,1.379933,1.1845744999999999,1.3333333333333333,3.0,12.666666666666666,11.666666666666666,264.3333333333333,334.6666666666667,20.666666666666668,13.666666666666666,5.0,2.3333333333333335,4.779710144927535,4.518840579710145,6.910161256212393,6.837076883242695
87,12650950,2024-11-06,Persija Jakarta,Madura United FC,0.12801981738791074,-0.16429448777928685,57.333333333333336,51.666666666666664,1.1584756666666667,1.525555,1.3333333333333333,2.3333333333333335,7.333333333333333,12.0,455.0,365.3333333333333,9.666666666666666,14.666666666666666,5.0,4.333333333333333,4.58135046113307,4.3246376811594205,6.986217981772551,6.821104380999048
90,12650959,2024-11-21,Madura United FC,Arema FC,-0.27474061261990296,0.11433288528446203,49.0,56.666666666666664,0.5846925000000001,2.283223433333333,2.0,2.6666666666666665,9.5,9.666666666666666,333.5,429.3333333333333,16.5,14.333333333333334,6.0,6.666666666666667,4.489822134387352,4.818840579710145,6.832379793061472,6.956151362640083
88,12653684,2024-11-21,Malut United FC,Persis Solo,-0.12571058793834705,-0.447614868387898,51.666666666666664,57.333333333333336,1.0542415,1.1310281333333334,1.6666666666666667,0.6666666666666666,13.0,15.333333333333334,361.6666666666667,370.6666666666667,24.0,14.333333333333334,4.666666666666667,6.0,4.46376811594203,4.9727272727272736,6.880560053812208,6.886526424475199
89,12650952,2024-11-21,Semen Padang FC,PSM Makassar,-0.4476350167397023,0.16894826850777833,50.0,29.5,1.638359733333333,1.019504,0.3333333333333333,2.0,11.666666666666666,13.0,342.6666666666667,179.0,21.0,10.5,4.333333333333333,4.0,4.436890645586298,4.543478260869566,6.696867234398995,6.785972689719175
93,12650958,2024-11-22,Persib Bandung,Borneo FC Samarinda,0.3511994651356489,0.3428040578641442,55.666666666666664,54.666666666666664,1.350007,1.9429163333333335,2.3333333333333335,2.0,12.333333333333334,13.666666666666666,465.3333333333333,421.6666666666667,26.666666666666668,13.666666666666666,4.333333333333333,4.666666666666667,4.80270092226614,4.653623188405796,7.16178803136724,7.013876987630464
92,12651037,2024-11-22,Persebaya Surabaya,Persija Jakarta,0.21724208191013356,0.2384659422285268,52.0,57.0,2.5162363333333335,1.1121263333333333,1.3333333333333333,2.0,9.333333333333334,13.333333333333334,349.0,439.0,20.666666666666668,13.333333333333334,5.333333333333333,6.0,5.4290404040404034,4.798748353096179,7.089964961002697,6.8844832060092065
91,12651036,2024-11-22,PSS Sleman,PSBS Biak,0.008355696049280666,0.05019544960306781,48.0,45.0,1.2715350333333333,1.2073265666666666,2.0,0.3333333333333333,11.666666666666666,16.666666666666668,339.3333333333333,325.6666666666667,17.333333333333332,18.0,6.666666666666667,5.333333333333333,4.817736369910284,4.8417391304347825,6.942854821411243,6.849050412750192
94,12650964,2024-11-23,PS Barito Putera,Persita Tangerang,-0.25958793801974245,0.05985052270868784,50.333333333333336,35.0,0.8483469999999999,0.39139389999999996,0.6666666666666666,0.5,11.666666666666666,12.0,316.6666666666667,241.5,11.666666666666666,10.5,6.666666666666667,2.5,4.544927536231884,4.857707509881424,6.711551405675845,6.941576644281729
95,12650961,2024-11-23,Persik Kediri,PSIS Semarang,0.03311740718885903,-0.3449420728300011,62.0,46.0,0.8356217499999999,0.36447000000000007,0.0,0.5,18.0,16.0,550.0,284.5,18.0,12.5,4.0,3.0,4.6869565217391305,4.502954545454545,6.797063737537026,6.765072931985471
96,12650972,2024-11-23,Dewa United FC,Bali United FC,0.025793332422601997,0.2899259876324026,54.0,49.333333333333336,1.4600192333333333,1.7834414666666667,3.6666666666666665,1.6666666666666667,12.0,10.333333333333334,446.6666666666667,322.3333333333333,15.666666666666666,21.333333333333332,5.333333333333333,4.0,5.252280701754386,4.620289855072463,6.809470815699046,6.965690452919984
97,12650949,2024-12-01,PSIS Semarang,Semen Padang FC,-0.2635263363742683,-0.39639954440525493,42.666666666666664,38.0,0.3983556666666666,0.5495073333333335,0.6666666666666666,2.0,13.666666666666666,13.0,324.6666666666667,281.6666666666667,14.0,12.333333333333334,2.6666666666666665,3.3333333333333335,4.515207980425371,4.349347826086956,6.6848884598917655,6.69029197936984
98,12650956,2024-12-01,Persija Jakarta,Persik Kediri,0.16916920095777907,-0.04829832926687379,55.0,45.0,1.0976513333333333,1.018366833333333,3.0,2.6666666666666665,5.666666666666667,15.666666666666666,435.3333333333333,306.0,8.666666666666666,13.666666666666666,5.333333333333333,1.6666666666666667,4.675289855072463,4.320289855072464,6.938779903328464,6.833926598136657
99,12651034,2024-12-02,PSBS Biak,Malut United FC,0.12228355797022518,-0.015024807033815875,56.666666666666664,46.666666666666664,1.568883666666667,2.373165333333333,2.6666666666666665,1.3333333333333333,12.0,13.333333333333334,410.3333333333333,385.6666666666667,21.333333333333332,18.666666666666668,5.666666666666667,6.0,4.67536231884058,4.78840579710145,7.067635398513161,7.018943408259514
100,12650951,2024-12-02,PSM Makassar,Borneo FC Samarinda,0.11771279617333091,0.2760101998547001,47.666666666666664,59.666666666666664,1.3327146666666667,2.163255,1.6666666666666667,1.3333333333333333,9.666666666666666,12.333333333333334,280.0,473.3333333333333,21.333333333333332,21.0,6.333333333333333,6.333333333333333,4.808695652173913,4.646376811594203,6.967199079346622,7.0946505123513575
101,12650954,2024-12-02,Madura United FC,Persebaya Surabaya,-0.3664655027559891,0.2865388231808813,56.5,44.666666666666664,0.829902,0.705801,4.0,1.3333333333333333,9.0,21.333333333333332,382.0,332.3333333333333,13.0,16.333333333333332,6.5,4.666666666666667,4.465909090909092,4.971469076732234,6.762966952932965,6.998076060702291
102,12650960,2024-12-03,Arema FC,Persita Tangerang,0.2060577754205482,0.1519035424464981,50.0,38.0,1.6125676666666664,0.9074089333333332,1.6666666666666667,1.3333333333333333,12.0,14.333333333333334,348.3333333333333,275.0,16.0,9.333333333333334,4.666666666666667,2.3333333333333335,4.569565217391304,4.918774703557314,6.887289877971543,6.968426297476064
103,12650957,2024-12-03,Dewa United FC,PSS Sleman,0.10622474291553767,-0.06373241231787671,54.333333333333336,41.333333333333336,1.7515621999999997,0.8913702666666667,3.0,2.6666666666666665,9.666666666666666,16.333333333333332,404.0,253.33333333333334,19.0,11.0,5.666666666666667,2.6666666666666665,4.835238095238095,4.649083694083694,6.891274280504361,7.034185405518293
104,12650968,2024-12-03,Persis Solo,PS Barito Putera,-0.5583006492924292,-0.35164095775755266,54.333333333333336,49.333333333333336,1.7110873,0.7964762333333333,1.6666666666666667,1.3333333333333333,13.0,16.0,365.0,314.6666666666667,19.0,7.666666666666667,8.333333333333334,4.666666666666667,4.768115942028985,4.613043478260869,6.909933254502124,6.853337597400061
106,12657512,2024-12-06,Borneo FC Samarinda,PSIS Semarang,0.20280799768774446,-0.19625012943326436,65.33333333333333,45.5,1.9157273333333336,0.9539434999999999,2.0,0.5,10.666666666666666,14.5,470.6666666666667,248.0,24.333333333333332,11.0,6.666666666666667,3.0,4.7738405797101455,4.804239130434784,7.2792391485128105,6.926813747882793
107,12657511,2024-12-06,Persik Kediri,Madura United FC,-0.1442402168622592,-0.40691236248517676,60.666666666666664,51.666666666666664,1.2444438333333334,1.3326136666666668,0.0,2.0,14.333333333333334,13.666666666666666,490.3333333333333,382.3333333333333,20.666666666666668,20.0,5.0,5.0,4.740579710144928,4.378260869565216,6.907616619132913,6.74514251149215
105,12657510,2024-12-06,Semen Padang FC,Persija Jakarta,-0.4636757513462588,0.2651110885531645,39.666666666666664,56.666666666666664,1.1581499999999998,1.3869280000000002,0.6666666666666666,2.3333333333333335,15.0,15.333333333333334,274.3333333333333,445.3333333333333,15.666666666666666,15.333333333333334,4.333333333333333,6.333333333333333,4.305006587615283,4.957180500658761,6.648427168717549,6.979921402844813
108,12657508,2024-12-07,Malut United FC,Dewa United FC,0.08954476816379217,0.1722680122472629,47.0,47.666666666666664,1.4245981666666667,1.9447287333333338,2.6666666666666665,4.0,13.0,11.666666666666666,309.3333333333333,343.0,19.0,13.333333333333334,5.0,2.6666666666666665,4.615942028985508,4.984155844155844,6.984910465879378,7.043377370594603
109,12657509,2024-12-07,Persebaya Surabaya,Arema FC,0.3269856829100689,0.32240473179760654,53.333333333333336,48.333333333333336,2.7020133333333334,1.9758033333333334,1.0,4.0,10.333333333333334,10.333333333333334,345.6666666666667,372.3333333333333,26.666666666666668,14.666666666666666,5.0,4.666666666666667,4.956818181818182,4.821739130434783,7.089466642779261,6.974976528702803
110,12657507,2024-12-07,Bali United FC,PSM Makassar,0.20949457713946698,0.19091499834028652,47.0,42.0,1.3119737999999999,1.0270460000000001,3.0,2.0,11.0,12.0,311.0,259.3333333333333,10.333333333333334,13.333333333333334,10.0,6.0,4.562318840579711,4.523188405797102,7.053912819433905,6.839273214233216
111,12657506,2024-12-08,PS Barito Putera,PSBS Biak,-0.3686944556413482,0.017713982772617126,55.666666666666664,43.0,0.9967753333333332,1.276302,0.3333333333333333,1.0,9.666666666666666,17.666666666666668,364.0,311.6666666666667,16.333333333333332,19.0,8.666666666666666,5.0,4.573913043478261,5.030068649885583,6.73453367105935,6.9644723516406914
112,12657505,2024-12-08,Persita Tangerang,Persis Solo,0.03555658606943978,-0.5412471514086337,54.333333333333336,57.666666666666664,0.5955873333333334,0.8901913,1.0,0.0,21.0,12.666666666666666,393.3333333333333,401.3333333333333,10.0,13.0,3.0,5.666666666666667,4.61772068511199,4.962842712842714,6.891455639719646,6.758027152892887
113,12657504,2024-12-09,PSS Sleman,Persib Bandung,-0.12977568164960196,0.4179933231450931,52.0,48.333333333333336,1.3679707,0.7688686666666666,0.6666666666666666,2.0,11.333333333333334,14.666666666666666,379.3333333333333,346.3333333333333,15.666666666666666,13.0,7.666666666666667,2.6666666666666665,4.764113181504485,4.819119769119769,6.824212683385045,6.86819469160728
114,12657503,2024-12-10,Madura United FC,Semen Padang FC,-0.4680367210722649,-0.5006056818233181,60.0,38.666666666666664,0.7621635,0.5583686666666667,2.5,2.0,11.0,14.666666666666666,355.5,314.3333333333333,15.0,14.0,5.5,3.3333333333333335,4.606521739130434,4.582600644122383,6.6526388211868355,6.75345306747658
115,12657500,2024-12-10,Persija Jakarta,Borneo FC Samarinda,0.3020410190302238,0.16002113992221284,55.666666666666664,63.0,1.6887713333333334,1.7001536666666663,4.0,1.0,8.666666666666666,13.0,426.0,478.0,8.333333333333334,18.666666666666668,5.0,7.666666666666667,4.763695652173912,4.697101449275363,6.92152620734799,7.0151952275388725
116,12657501,2024-12-11,Persebaya Surabaya,Persik Kediri,0.39938065587591953,-0.08311585827517104,51.666666666666664,47.666666666666664,2.3596376666666665,1.0326316666666666,2.6666666666666665,2.0,10.333333333333334,18.0,297.3333333333333,341.6666666666667,19.333333333333332,17.0,3.6666666666666665,1.6666666666666667,4.939357864357864,4.178194993412386,6.986191019622331,6.826697551628783
117,12657499,2024-12-11,PSIS Semarang,Bali United FC,-0.15346327166773271,0.19552435933192816,46.666666666666664,51.333333333333336,0.5203979999999999,1.7637321333333331,0.0,0.3333333333333333,15.333333333333334,12.666666666666666,365.6666666666667,310.6666666666667,15.0,24.666666666666668,3.6666666666666665,4.333333333333333,4.647619047619048,4.785507246376811,6.840337704037341,6.9387039329923175
118,12657502,2024-12-12,PSBS Biak,Persita Tangerang,0.12890819048496027,0.12103665417206341,58.333333333333336,44.0,1.4576160333333334,1.0120773666666667,3.3333333333333335,1.3333333333333333,12.0,13.666666666666666,439.6666666666667,314.6666666666667,18.666666666666668,10.0,6.333333333333333,2.6666666666666665,4.614492753623189,4.814426877470357,6.984592663470427,6.7857330877796445
119,12657498,2024-12-12,Arema FC,Persis Solo,0.2500097588317559,-0.6267272195112574,53.0,53.333333333333336,2.25119,1.1542416333333334,3.3333333333333335,0.0,16.0,10.333333333333334,382.0,361.0,18.0,15.333333333333334,6.0,6.0,4.729882677708765,4.914357864357865,7.0257464299912575,6.686868520230391
120,12657496,2024-12-12,Dewa United FC,PS Barito Putera,0.16545818845011134,-0.4798886633536913,54.666666666666664,53.333333333333336,1.9966295333333335,0.6736345666666667,3.0,0.3333333333333333,8.0,18.0,392.6666666666667,366.6666666666667,22.333333333333332,11.333333333333334,7.333333333333333,3.6666666666666665,4.722936507936509,4.649275362318842,7.027783004890369,6.913128035447007
121,12657497,2024-12-13,PSM Makassar,PSS Sleman,0.20488521614782534,-0.17314563990801018,40.666666666666664,40.0,1.2907853333333332,1.5846562666666666,2.0,3.3333333333333335,14.666666666666666,15.0,240.33333333333334,278.3333333333333,14.0,11.0,4.666666666666667,4.333333333333333,4.839130434782608,4.7807503607503605,6.914263960664219,7.044450462918736
122,12657495,2024-12-13,Persib Bandung,Malut United FC,0.46136328140350125,0.09635459196094379,50.666666666666664,39.666666666666664,1.428407,2.5987390000000006,2.0,2.6666666666666665,16.0,17.666666666666668,428.0,311.0,24.333333333333332,22.333333333333332,5.333333333333333,5.333333333333333,4.880961791831357,4.655072463768117,7.152033242804271,7.077683364172194
123,12657494,2024-12-14,Borneo FC Samarinda,Madura United FC,0.190994149358344,-0.5433301175438346,63.666666666666664,53.333333333333336,1.5734386666666669,0.6739806666666666,2.0,0.3333333333333333,11.0,17.333333333333332,456.3333333333333,376.3333333333333,21.666666666666668,17.0,7.0,4.333333333333333,4.827463768115943,4.418840579710145,7.173564076520132,6.694057029111371
124,12657493,2024-12-15,Semen Padang FC,Persebaya Surabaya,-0.42531228535174836,0.5088766209420539,41.0,46.0,1.5129553333333332,0.8647043333333334,0.6666666666666666,1.6666666666666667,13.666666666666666,17.666666666666668,280.0,333.3333333333333,14.666666666666666,20.0,3.6666666666666665,4.666666666666667,4.324775707384403,5.22094276094276,6.559587071806585,6.9790552731670985
125,12657489,2024-12-15,Bali United FC,Persija Jakarta,0.11202149058750915,0.2710680095940926,45.666666666666664,51.666666666666664,1.6858588,1.2365743333333332,3.6666666666666665,2.0,10.666666666666666,16.333333333333332,272.6666666666667,396.6666666666667,11.333333333333334,15.666666666666666,7.333333333333333,5.0,4.498550724637682,4.955731225296442,6.933937407419019,6.9701445500076815
126,12657492,2024-12-16,Persik Kediri,Arema FC,-0.19261182334130533,0.18174160449209426,56.0,50.666666666666664,1.4291132333333334,1.9648363,0.6666666666666666,3.3333333333333335,11.666666666666666,12.666666666666666,423.6666666666667,305.6666666666667,20.333333333333332,13.333333333333334,5.333333333333333,5.333333333333333,4.686956521739131,4.62608695652174,6.976663297332842,6.841940681254203
127,12657490,2024-12-16,Persita Tangerang,Dewa United FC,0.22142723622936375,0.1112158355809711,54.0,46.333333333333336,0.7036503333333334,1.9551420666666666,1.6666666666666667,4.666666666666667,18.333333333333332,11.666666666666666,377.3333333333333,331.6666666666667,10.333333333333334,12.333333333333334,2.6666666666666665,3.3333333333333335,4.719169960474309,4.967965367965368,6.918865783339467,6.9776015627134385
128,12657488,2024-12-16,Persis Solo,PSBS Biak,-0.5584590651715957,0.02851760842765995,53.0,46.0,1.5058809666666668,1.3266660000000001,1.6666666666666667,2.6666666666666665,15.0,17.666666666666668,381.6666666666667,332.0,17.666666666666668,18.333333333333332,6.333333333333333,5.0,4.676811594202898,5.30170426065163,6.9288078900191366,6.9733899141915545
129,12657491,2024-12-17,Malut United FC,PSM Makassar,0.005940829593810572,0.1675133624181967,43.333333333333336,49.0,1.3822131666666666,1.3180233333333333,2.6666666666666665,2.0,12.0,13.666666666666666,307.6666666666667,271.6666666666667,17.333333333333332,16.666666666666668,6.0,6.0,4.457971014492754,4.559420289855072,7.068457423825425,6.896726789950175
130,12657487,2024-12-17,PSS Sleman,PSIS Semarang,-0.13577378617838154,-0.06996040292331371,53.0,39.0,1.790052,0.9191265,1.3333333333333333,0.5,12.333333333333334,12.5,316.0,234.5,15.666666666666666,10.5,8.0,4.0,4.724982746721878,4.5772946859903385,6.772785031130109,6.912357089639732
131,12657485,2024-12-18,PS Barito Putera,Persib Bandung,-0.4256463104845511,0.5517770437706345,54.0,48.666666666666664,1.287824333333333,0.9053573666666667,0.3333333333333333,3.3333333333333335,13.0,12.666666666666666,404.6666666666667,344.3333333333333,16.333333333333332,16.0,7.0,3.0,4.465217391304347,4.8745310245310245,6.649336900151678,6.980136466032431
132,12657486,2024-12-20,Madura United FC,Bali United FC,-0.6694849634467976,0.21242596307583667,60.666666666666664,52.333333333333336,0.658222,1.6231411,1.6666666666666667,0.3333333333333333,11.333333333333334,10.333333333333334,357.6666666666667,298.0,22.333333333333332,22.666666666666668,5.333333333333333,5.333333333333333,4.446376811594202,4.527536231884057,6.705346950589006,6.816838516790061
133,12657483,2024-12-20,Persebaya Surabaya,Borneo FC Samarinda,0.44229657502300673,0.3171489952613069,39.666666666666664,67.66666666666667,2.3498316666666668,1.5778468666666665,4.0,0.6666666666666666,12.666666666666666,9.333333333333334,215.33333333333334,521.0,17.0,20.0,3.6666666666666665,7.333333333333333,5.102539682539683,4.711857707509881,6.967007262444317,7.049450179498915
134,12657484,2024-12-21,Persik Kediri,Semen Padang FC,-0.1053047552491646,-0.35873223943270127,55.0,39.0,1.7513513333333333,0.5703323333333333,1.0,1.3333333333333333,10.666666666666666,14.666666666666666,358.3333333333333,281.6666666666667,22.0,18.666666666666668,6.333333333333333,3.6666666666666665,4.740579710144928,4.824629629629629,7.04789164381371,6.894506618150076
135,12657482,2024-12-21,Arema FC,PSBS Biak,0.09443453639995351,-0.01704940077981172,49.333333333333336,51.333333333333336,1.9936939999999996,1.6858046666666666,2.6666666666666665,3.0,19.0,13.0,343.0,383.0,20.333333333333332,16.666666666666668,4.666666666666667,4.333333333333333,4.700897170462388,5.345037593984963,7.00376061438842,6.998760928686927
136,12657481,2024-12-21,Persija Jakarta,PSS Sleman,0.17066353710576515,-0.05906977347086109,43.0,48.0,1.7282483333333338,1.7010236666666667,4.0,2.3333333333333335,14.333333333333334,13.333333333333334,340.6666666666667,348.0,8.666666666666666,15.0,3.6666666666666665,8.333333333333334,4.692028985507245,5.1828389154704935,6.901912598892063,7.067240820798812
137,12657478,2024-12-21,Dewa United FC,Persis Solo,0.23678928933633944,-0.512892055964124,56.666666666666664,50.666666666666664,1.8949953000000004,1.1342348,2.3333333333333335,0.0,8.333333333333334,11.0,427.6666666666667,363.6666666666667,16.666666666666668,17.0,6.666666666666667,4.0,4.339682539682541,4.831457431457433,7.0643601319542215,6.747136852189073
140,12657479,2024-12-22,PSIS Semarang,Malut United FC,-0.14666441563083416,0.016367751823291418,52.0,42.333333333333336,0.8910294333333333,2.4078120000000003,1.0,2.3333333333333335,16.333333333333332,19.0,363.6666666666667,321.0,14.333333333333334,18.666666666666668,7.0,6.0,4.9148785996612085,4.666666666666667,6.996343975218306,7.059700983979287
138,12657480,2024-12-22,PSM Makassar,PS Barito Putera,0.15708644018871587,-0.43203736754315025,40.0,48.0,1.3622026666666667,0.7273842333333334,1.3333333333333333,0.3333333333333333,16.666666666666668,16.333333333333332,250.33333333333334,357.6666666666667,12.666666666666666,14.0,5.666666666666667,4.666666666666667,4.707246376811595,4.673913043478262,6.853791632015278,6.940640033844318
139,12657477,2024-12-22,Persib Bandung,Persita Tangerang,0.5581681008292336,0.09585378247399541,50.666666666666664,48.333333333333336,1.556554,1.4117714333333333,2.3333333333333335,2.6666666666666665,13.333333333333334,16.0,402.6666666666667,367.3333333333333,22.666666666666668,12.0,7.666666666666667,2.6666666666666665,4.999005270092227,4.646969696969698,7.128274090177555,6.948475872429185
141,12657476,2024-12-27,Semen Padang FC,Arema FC,-0.45378627349259193,0.16111176337599087,42.333333333333336,48.666666666666664,1.6491153333333333,1.1410273,0.6666666666666666,2.0,16.666666666666668,16.0,284.0,258.3333333333333,16.0,13.333333333333334,4.666666666666667,3.6666666666666665,4.30277307233829,4.539393939393939,6.928162635965492,6.732272075578194
142,12657475,2024-12-27,Borneo FC Samarinda,Persik Kediri,0.2591601000930416,-0.010250721189273983,61.666666666666664,55.333333333333336,1.8151086666666665,0.8977120333333334,3.0,1.3333333333333333,12.666666666666666,22.0,444.0,379.3333333333333,17.0,21.0,6.0,4.0,4.937081686429514,4.359354413702241,7.199765482698306,6.797247146783228
143,12657474,2024-12-27,PSS Sleman,Madura United FC,-0.15273577334367588,-0.5752617950987937,52.666666666666664,50.666666666666664,1.3311286333333332,1.1988649999999998,1.6666666666666667,0.3333333333333333,13.333333333333334,17.0,338.6666666666667,410.6666666666667,15.666666666666666,19.333333333333332,6.666666666666667,4.333333333333333,4.9043478260869575,4.58695652173913,6.807644177490268,6.668010825669612
144,12657472,2024-12-28,Malut United FC,Persija Jakarta,0.11352245009699369,0.2643295369785799,49.666666666666664,54.333333333333336,1.356248,0.9204306666666667,3.3333333333333335,1.6666666666666667,15.0,13.666666666666666,322.6666666666667,392.6666666666667,16.666666666666668,14.666666666666666,6.0,5.666666666666667,4.520289855072464,4.887549407114624,7.015224583949089,6.839294253808121
145,12657473,2024-12-28,PSBS Biak,Dewa United FC,-0.08372662775584906,0.315334800427537,53.333333333333336,46.666666666666664,1.1694777333333335,1.8404664000000002,2.0,3.0,11.0,12.333333333333334,401.0,346.6666666666667,21.333333333333332,12.666666666666666,6.666666666666667,4.666666666666667,4.4449275362318845,4.813203463203464,6.874400674906767,7.0332335208011925
146,12657471,2024-12-28,Bali United FC,Persebaya Surabaya,0.11820279472783272,0.5002854701912721,43.666666666666664,47.0,1.4870778,1.2008903333333334,3.6666666666666665,1.6666666666666667,10.0,18.666666666666668,243.66666666666666,303.3333333333333,17.666666666666668,21.0,7.333333333333333,5.0,4.711594202898551,5.286455026455027,6.976580535215812,7.167052177608814
147,12657468,2024-12-29,Persita Tangerang,PSM Makassar,0.006377958858049523,0.19533308519233522,51.666666666666664,52.333333333333336,0.7249636666666667,1.4978733333333334,1.6666666666666667,2.6666666666666665,17.333333333333332,14.0,393.3333333333333,306.0,8.0,18.0,3.3333333333333335,6.0,4.6814888010540185,4.269565217391304,6.842416449152975,6.862922386092401
148,12657470,2024-12-29,Persis Solo,Persib Bandung,-0.5914375670553216,0.6476439244451795,50.0,46.333333333333336,0.9066630666666665,1.1974423666666667,0.6666666666666666,3.0,15.666666666666666,15.0,353.0,326.0,19.333333333333332,12.666666666666666,6.0,4.0,4.495652173913044,4.69025974025974,6.864409811127711,6.968113489605589
149,12657469,2024-12-29,PS Barito Putera,PSIS Semarang,-0.47028401254676966,-0.24381911390453642,56.333333333333336,39.333333333333336,0.8990762999999998,0.8868166666666667,0.3333333333333333,1.0,12.666666666666666,13.666666666666666,425.3333333333333,252.66666666666666,18.0,11.0,6.0,4.666666666666667,4.272463768115942,4.897143825747945,6.666817640429168,6.809944984075442
150,13184021,2025-01-07,Bali United FC,Persib Bandung,0.22205849659472338,0.6398466018114677,45.333333333333336,49.666666666666664,1.3295953333333335,1.4954323666666667,3.0,3.0,9.0,13.666666666666666,247.33333333333334,311.6666666666667,18.666666666666668,13.0,7.0,5.666666666666667,4.682608695652174,4.540918501788067,6.926268548352101,6.970718395009321
152,12657467,2025-01-10,Malut United FC,Madura United FC,0.04312926642835951,-0.6960610580019886,54.333333333333336,56.0,0.8805501666666666,1.1738243333333331,1.3333333333333333,0.0,12.0,17.333333333333332,342.0,410.6666666666667,22.333333333333332,18.0,8.0,3.3333333333333335,4.453623188405797,4.576811594202899,6.868392603031006,6.645719828982831
151,12657465,2025-01-10,PS Barito Putera,Persija Jakarta,-0.4418174920785743,0.3347227206472141,58.0,51.333333333333336,1.066880833333333,0.42732333333333333,0.3333333333333333,1.6666666666666667,11.0,11.666666666666666,464.6666666666667,381.6666666666667,15.333333333333334,11.333333333333334,4.0,5.333333333333333,4.199999999999999,4.866337285902502,6.726885674452537,6.836673837620453
155,12657463,2025-01-11,Dewa United FC,Arema FC,0.20889628454084652,0.1992248660959303,59.666666666666664,53.0,2.086338,1.1638286333333332,2.6666666666666665,1.3333333333333333,10.333333333333334,16.0,494.6666666666667,286.0,16.666666666666668,15.666666666666666,6.333333333333333,3.0,4.515656565656566,4.6335309617918305,7.101050460920426,6.764283407022954
154,12657464,2025-01-11,PSS Sleman,Persebaya Surabaya,-0.03193651044048096,0.3964297683243815,46.333333333333336,50.333333333333336,1.5820529666666665,1.1999376333333334,4.0,1.0,13.0,13.0,288.3333333333333,289.3333333333333,15.333333333333334,23.333333333333332,5.0,7.0,4.982608695652175,4.9846031746031745,6.967020693521044,6.997394057950696
153,12657466,2025-01-11,PSBS Biak,Persib Bandung,0.022711888130841414,0.6166803985021643,49.666666666666664,51.333333333333336,1.3883109000000002,1.4281984,2.3333333333333335,2.3333333333333335,15.333333333333334,14.666666666666666,398.0,321.6666666666667,24.0,10.0,5.0,6.333333333333333,4.662318840579712,4.458537549407114,6.896195344834449,6.920854651785565
156,12657461,2025-01-12,Persita Tangerang,PSIS Semarang,0.08482094614488579,-0.2722856343727318,48.0,38.333333333333336,0.9723416666666668,0.5498986,2.3333333333333335,0.6666666666666666,19.0,13.333333333333334,312.6666666666667,274.6666666666667,11.333333333333334,9.333333333333334,2.3333333333333335,5.333333333333333,4.717852437417656,5.180799220272903,6.879259165165585,6.807971259808166
157,12657460,2025-01-12,Bali United FC,Persik Kediri,0.24522469990402673,0.11742749368994487,42.666666666666664,53.666666666666664,1.3790509999999998,1.0609524333333333,3.0,2.6666666666666665,10.0,21.0,224.66666666666666,379.6666666666667,14.333333333333334,22.333333333333332,5.666666666666667,4.666666666666667,4.6695652173913045,4.710737812911727,6.9356311760678215,6.923275749301896
158,12657462,2025-01-13,Persis Solo,PSM Makassar,-0.5836402444216098,0.11689009790549895,46.0,48.0,0.7728330666666666,1.967821533333333,0.6666666666666666,2.3333333333333335,17.0,14.0,317.3333333333333,286.6666666666667,18.666666666666668,19.666666666666668,6.0,6.666666666666667,4.311594202898551,4.368115942028986,6.882451347030028,6.85025514494907
159,12657459,2025-01-14,Borneo FC Samarinda,Semen Padang FC,0.1314818852138227,-0.4918993762125313,56.333333333333336,37.333333333333336,2.084977,0.5645003333333333,2.6666666666666665,1.3333333333333333,13.0,12.0,411.6666666666667,265.0,16.333333333333332,19.0,6.666666666666667,4.0,4.753096179183136,5.225925925925925,6.961457449807731,6.749229924618763
160,12657458,2025-01-17,Persebaya Surabaya,Malut United FC,0.29049963242695853,-0.053596539751263404,36.333333333333336,41.333333333333336,1.6059885333333337,1.7186293333333336,4.333333333333333,3.0,16.0,20.666666666666668,212.66666666666666,308.3333333333333,13.333333333333334,17.0,3.0,5.666666666666667,4.972276524644946,4.631884057971014,6.983439371601545,6.968619812289354
161,12657457,2025-01-17,Persib Bandung,Dewa United FC,0.5750861409427716,0.3086927850428821,46.666666666666664,59.0,1.6288935333333334,2.129508,3.0,3.6666666666666665,11.0,14.333333333333334,343.6666666666667,458.3333333333333,15.666666666666666,16.0,9.333333333333334,7.666666666666667,4.686159420289855,4.767748917748918,7.071265813643962,7.092824765422832
162,12657456,2025-01-18,PSM Makassar,PSBS Biak,0.16004433309601226,0.06430614569023416,40.0,53.0,1.4218033333333333,1.7648396666666664,2.6666666666666665,3.6666666666666665,19.666666666666668,11.333333333333334,261.6666666666667,374.3333333333333,11.0,18.666666666666668,4.333333333333333,4.333333333333333,4.532015810276681,5.382142857142857,6.9541991602273265,6.844959538327367
163,12657455,2025-01-18,Madura United FC,PS Barito Putera,-0.5993352518223657,-0.4728352929051138,55.333333333333336,44.333333333333336,1.0465186666666666,1.3727806666666666,1.3333333333333333,1.0,14.666666666666666,19.0,309.3333333333333,310.0,20.333333333333332,12.666666666666666,4.0,3.6666666666666665,4.126086956521739,4.508695652173913,6.81049910445789,6.787197650339397
164,12657454,2025-01-19,Persik Kediri,PSS Sleman,0.22147538480186557,0.07399362545694199,59.666666666666664,44.666666666666664,1.7086153333333334,1.9441646666666665,2.6666666666666665,2.0,12.333333333333334,12.666666666666666,392.6666666666667,331.3333333333333,19.666666666666668,14.333333333333334,7.0,8.666666666666666,4.838274044795784,5.426929824561404,7.077418854804269,6.861219047609562
165,12657453,2025-01-19,Borneo FC Samarinda,Arema FC,0.01960450364438733,0.09942836559389469,54.333333333333336,46.666666666666664,1.946346666666667,1.1015383333333333,3.3333333333333335,1.0,14.666666666666666,16.666666666666668,397.3333333333333,323.0,15.333333333333334,19.0,6.0,3.0,4.757444005270092,4.601646903820817,6.817606834651933,6.882380069724675
166,12657452,2025-01-19,Persija Jakarta,Persita Tangerang,0.3657405214737536,0.14194609200164715,50.333333333333336,48.666666666666664,2.2146226666666666,0.9049957666666666,3.0,2.3333333333333335,15.333333333333334,15.333333333333334,370.6666666666667,349.3333333333333,13.333333333333334,13.0,4.333333333333333,3.0,4.78596837944664,4.47536231884058,7.0813454781375,6.763116931303542
167,12657451,2025-01-20,Semen Padang FC,Bali United FC,-0.38002199464309594,0.141176808792106,48.333333333333336,52.0,1.743933,1.5018487666666667,0.6666666666666666,1.0,17.0,11.666666666666666,344.3333333333333,309.6666666666667,22.333333333333332,18.666666666666668,7.0,5.666666666666667,4.425961478135392,4.418840579710145,6.978949902807352,6.7799915592189235
168,12657450,2025-01-20,PSIS Semarang,Persis Solo,-0.32941078022949316,-0.626794479612123,53.666666666666664,46.333333333333336,0.8584687666666667,1.1662253,1.6666666666666667,0.0,15.333333333333334,18.0,379.3333333333333,341.6666666666667,15.0,22.666666666666668,7.0,4.333333333333333,4.576350461133071,4.980584415584416,6.866852709121148,6.850666328643258
170,12657447,2025-01-24,Persita Tangerang,Madura United FC,0.04841406915713841,-0.6980423137448973,45.666666666666664,54.0,0.9597166666666667,1.5372891,2.6666666666666665,0.3333333333333333,20.666666666666668,14.666666666666666,326.0,376.0,13.666666666666666,21.0,3.6666666666666665,4.333333333333333,4.8337944664031625,4.297233201581027,6.9254187719705085,6.688642705855554
169,12657448,2025-01-24,Arema FC,Persib Bandung,-0.001029699527684072,0.4678482676882936,48.333333333333336,52.666666666666664,2.188431,1.0238634,3.3333333333333335,1.6666666666666667,19.0,14.0,322.3333333333333,325.6666666666667,23.666666666666668,9.666666666666666,4.666666666666667,5.0,4.869869502478198,4.557261632341723,7.014827657667893,6.865833740791459
171,12657449,2025-01-25,Malut United FC,Persik Kediri,0.05416742563344063,0.20826195284455207,59.0,55.333333333333336,0.9595901666666666,1.4548666,0.6666666666666666,3.6666666666666665,12.333333333333334,20.666666666666668,371.0,375.0,24.666666666666668,22.0,8.333333333333334,4.333333333333333,4.663768115942029,4.799209486166009,6.879068660105503,6.993220563065992
172,12657446,2025-01-25,PS Barito Putera,Persebaya Surabaya,-0.37412823098258213,0.18273566704225447,50.666666666666664,55.0,0.9930348333333332,1.3943376333333333,1.6666666666666667,0.3333333333333333,10.666666666666666,9.0,401.6666666666667,327.0,13.666666666666666,21.333333333333332,3.6666666666666665,7.0,4.259420289855072,4.934126984126984,6.772563801872237,6.8704844972271815
173,12657445,2025-01-26,PSBS Biak,PSIS Semarang,0.08891473231195125,-0.414156766206889,45.333333333333336,43.666666666666664,1.9690605333333338,0.8067375999999999,2.0,1.0,18.333333333333332,14.666666666666666,369.6666666666667,332.6666666666667,25.0,11.0,5.0,5.333333333333333,4.954347826086957,5.504873294346978,6.979534123764179,6.754819639528027
174,12657444,2025-01-26,PSS Sleman,Semen Padang FC,0.08720705741425552,-0.5014293760279014,44.666666666666664,36.0,1.220184733333333,1.2663739999999999,5.0,3.3333333333333335,13.0,10.0,294.3333333333333,251.66666666666666,18.333333333333332,18.333333333333332,3.3333333333333335,2.6666666666666665,5.063768115942028,5.155387205387204,7.131498968180099,6.823920679082573
175,12657443,2025-01-26,Persis Solo,Persija Jakarta,-0.5420484936347272,0.45927254431826237,45.0,55.0,0.7464277333333333,0.7696653333333333,0.6666666666666666,2.0,14.0,7.0,281.6666666666667,424.0,13.333333333333334,8.666666666666666,4.333333333333333,4.666666666666667,4.369565217391305,4.778787878787878,6.865501765153712,6.754179457371428
176,12657441,2025-01-27,Dewa United FC,PSM Makassar,0.4159306582973601,0.13543574647429515,58.333333333333336,48.333333333333336,1.7839893333333334,1.7542441999999998,3.0,2.3333333333333335,12.0,10.666666666666666,502.6666666666667,316.6666666666667,16.0,20.0,6.0,10.0,4.59462481962482,4.504347826086956,7.113524093042941,6.939006324914643
177,12657442,2025-01-28,Bali United FC,Borneo FC Samarinda,0.26258419017691137,0.12006256876596609,43.333333333333336,65.66666666666667,1.3522175333333333,0.8776378666666664,2.0,1.3333333333333333,11.666666666666666,10.0,253.0,487.3333333333333,14.666666666666666,16.666666666666668,6.0,6.0,4.6972990777338595,4.794334650856389,6.870334214269239,6.897828586670623
178,12657440,2025-01-31,Persik Kediri,PS Barito Putera,0.12725294731122178,-0.25338272793478495,61.0,42.0,1.3426449666666667,1.7580036333333335,2.0,3.3333333333333335,14.666666666666666,20.666666666666668,343.0,302.6666666666667,23.333333333333332,14.0,5.666666666666667,4.666666666666667,4.835375494071146,4.536231884057972,7.081540392803029,6.854131054487991
179,12657439,2025-01-31,Persebaya Surabaya,Persita Tangerang,0.06199016399445727,-0.014595692210816087,41.0,46.333333333333336,1.700711366666667,1.1137576666666666,2.6666666666666665,2.3333333333333335,16.666666666666668,12.0,281.0,336.6666666666667,16.0,10.666666666666666,5.333333333333333,3.0,4.96592731829574,4.373913043478262,6.9640805670393,6.714375184684791
180,12657438,2025-02-01,Madura United FC,Persis Solo,-0.6350325523769429,-0.4787227722228019,56.333333333333336,47.333333333333336,1.263631,1.3110236333333334,2.0,0.6666666666666666,13.666666666666666,26.0,378.3333333333333,344.3333333333333,21.0,20.0,2.6666666666666665,3.3333333333333335,4.008695652173913,5.026038961038961,6.775245219035175,6.910270917172993
181,12657436,2025-02-01,Persib Bandung,PSM Makassar,0.5593664102272858,0.08148131103640743,48.333333333333336,45.666666666666664,1.2020522,1.6498108666666667,2.3333333333333335,1.6666666666666667,7.0,14.0,364.3333333333333,303.6666666666667,14.666666666666666,18.666666666666668,10.333333333333334,8.666666666666666,4.6300329380764165,4.753623188405797,6.872132669935443,6.899201446865862
184,12657434,2025-02-02,Semen Padang FC,Malut United FC,-0.39153666103818585,0.13517643116677092,49.0,46.666666666666664,1.4414013333333333,1.5888710000000001,1.0,1.6666666666666667,15.0,16.0,326.6666666666667,345.6666666666667,19.666666666666668,14.333333333333334,7.0,7.333333333333333,4.30316205533597,4.597101449275362,6.74179255318145,6.929124421469305
182,12657437,2025-02-02,Borneo FC Samarinda,PSS Sleman,0.06270711219609548,-0.022685657575459955,54.666666666666664,45.333333333333336,1.98236,1.6651523333333333,2.6666666666666665,1.3333333333333333,15.0,15.666666666666666,377.6666666666667,294.3333333333333,19.0,12.333333333333334,6.333333333333333,7.666666666666667,4.652898550724637,5.3101044277360065,6.829476298654652,6.807044759252148
183,12657435,2025-02-02,Persija Jakarta,PSBS Biak,0.3959468229063371,-0.020516186342717277,53.666666666666664,54.666666666666664,2.1378317333333334,1.4944856666666666,3.3333333333333335,2.3333333333333335,18.0,12.333333333333334,401.3333333333333,366.6666666666667,15.0,19.333333333333332,4.333333333333333,4.666666666666667,5.069336219336219,5.317063492063492,7.131892522365521,6.775743171745994
186,12657432,2025-02-03,PSIS Semarang,Dewa United FC,-0.3047258475522205,0.46988509373524784,53.0,60.666666666666664,1.0018232666666667,2.157205,2.3333333333333335,4.0,16.0,13.333333333333334,333.6666666666667,475.3333333333333,19.0,17.333333333333332,7.333333333333333,7.666666666666667,4.393741765480896,4.908939393939395,6.675655421540935,7.179438180736002
185,12657433,2025-02-03,Arema FC,Bali United FC,-0.0925478420666763,0.319939646746782,49.0,52.333333333333336,1.6553290333333333,1.9690110999999997,2.3333333333333335,3.6666666666666665,18.0,8.333333333333334,332.3333333333333,323.0,22.333333333333332,19.333333333333332,3.0,6.333333333333333,4.689262187088274,4.384057971014492,6.8275338114181645,6.875100347885689
187,12657430,2025-02-07,Persita Tangerang,Persik Kediri,0.005184756653577961,0.095572207511196,47.666666666666664,49.0,1.2334384666666667,1.2921400333333333,3.3333333333333335,3.3333333333333335,15.666666666666666,17.333333333333332,341.6666666666667,329.0,13.0,16.0,3.0,1.3333333333333333,4.784519104084321,4.84604743083004,7.007730976041331,6.970456062194695
188,12657431,2025-02-07,Persis Solo,Persebaya Surabaya,-0.5790482284430052,0.042209715130063226,49.0,57.0,1.1906049,1.2317013,2.0,0.3333333333333333,11.0,9.333333333333334,295.0,341.0,13.333333333333334,25.0,3.6666666666666665,7.0,4.3102766798418966,5.021428571428571,6.926487810534094,6.80709188034188
189,12657428,2025-02-08,PS Barito Putera,Semen Padang FC,-0.22170198813475914,-0.33926681514942325,46.0,42.333333333333336,1.5542448666666664,1.2921836666666666,3.3333333333333335,4.666666666666667,11.666666666666666,13.333333333333334,370.6666666666667,319.3333333333333,12.333333333333334,14.666666666666666,4.333333333333333,3.6666666666666665,4.5782608695652165,5.053720538720538,6.98790120024622,6.830046790069559
190,12657429,2025-02-08,Madura United FC,PSBS Biak,-0.5347070961567397,0.030589543864217937,49.666666666666664,46.666666666666664,1.879708,0.9361099999999999,3.0,3.0,17.0,15.0,349.6666666666667,278.6666666666667,12.333333333333334,17.666666666666668,1.6666666666666667,4.0,4.207575757575758,5.123427128427129,6.81291667080978,6.7706722288745995
191,12657427,2025-02-08,Dewa United FC,Persija Jakarta,0.5739479273690062,0.3448410926994019,60.0,52.0,2.4382066666666664,0.8340710000000001,4.333333333333333,3.3333333333333335,12.666666666666666,8.333333333333334,519.6666666666666,406.6666666666667,21.666666666666668,7.0,6.333333333333333,4.666666666666667,4.759545454545454,4.629090909090909,7.242198596920375,6.79734359802769
192,12657426,2025-02-09,PSS Sleman,Bali United FC,-0.08636023364459744,0.23691855185414248,39.0,49.666666666666664,2.126337433333333,1.9578928666666664,5.0,3.3333333333333335,11.666666666666666,9.666666666666666,266.0,321.3333333333333,15.333333333333334,17.666666666666668,2.3333333333333335,4.333333333333333,4.782608695652175,4.456521739130434,6.975329487972904,6.854902467830484
193,12657425,2025-02-09,PSIS Semarang,Persib Bandung,-0.4087886811859788,0.5974393570156818,48.0,51.0,1.4119235,0.8456767333333334,2.0,2.3333333333333335,16.0,14.0,345.6666666666667,335.0,20.333333333333332,10.0,5.0,4.0,4.365612648221344,4.87016708437761,6.549777335772601,6.823693752693603
194,12808504,2025-02-10,Arema FC,PSM Makassar,-0.009526747174036801,0.04340836424801141,51.333333333333336,40.0,1.4722493666666665,1.0653059999999999,2.3333333333333335,1.3333333333333333,17.0,16.0,325.3333333333333,275.6666666666667,19.666666666666668,13.666666666666666,4.666666666666667,7.0,4.818247694334651,4.726086956521739,6.883391572101263,6.853386605443494
195,12657424,2025-02-10,Malut United FC,Borneo FC Samarinda,0.08290658527800825,0.12638168826523297,56.666666666666664,64.0,1.5935371666666667,1.2288415333333331,0.6666666666666666,2.0,8.0,8.666666666666666,394.6666666666667,434.3333333333333,24.333333333333332,16.333333333333332,7.666666666666667,4.666666666666667,4.560869565217391,4.679220779220779,6.857113645057102,6.799074898478776
196,12657422,2025-02-14,Semen Padang FC,Persita Tangerang,-0.4087825710792229,0.08289265575144442,48.666666666666664,45.0,1.2526473333333332,0.7203579999999999,1.6666666666666667,1.3333333333333333,14.333333333333334,17.333333333333332,322.0,329.6666666666667,17.0,8.666666666666666,6.333333333333333,3.6666666666666665,4.274440052700923,4.400000000000001,6.63691839941126,6.589808356987529
197,12654032,2025-02-14,Persik Kediri,Persis Solo,0.01786430841332954,-0.4936510024507835,60.666666666666664,49.333333333333336,1.2548226666666666,1.0100778333333336,2.0,0.6666666666666666,15.0,23.333333333333332,348.6666666666667,345.0,26.0,20.666666666666668,4.333333333333333,3.0,4.9932084823389165,5.087727272727273,7.1053681439992005,6.837933976016768
198,12654036,2025-02-15,Madura United FC,Dewa United FC,-0.4925177061175628,0.6280133958473453,52.0,64.33333333333333,1.5327493333333333,1.4559256666666667,2.0,4.333333333333333,15.333333333333334,12.666666666666666,384.3333333333333,558.6666666666666,19.666666666666668,14.333333333333334,2.6666666666666665,6.333333333333333,4.606126482213438,5.007272727272729,6.845954277690404,7.136787305492344
199,12654027,2025-02-15,Persebaya Surabaya,PSBS Biak,-0.04318751086215841,-0.011599846174958926,47.0,43.666666666666664,1.3910860333333332,0.7865833333333333,1.0,1.6666666666666667,15.666666666666666,14.666666666666666,341.6666666666667,254.0,18.666666666666668,18.0,6.333333333333333,4.0,4.875689223057644,4.861760461760462,6.922806488005669,6.843587666845086
201,12654037,2025-02-16,Persija Jakarta,Persib Bandung,0.29077562422106273,0.5969448072172409,63.333333333333336,42.666666666666664,2.362475433333333,1.0213453333333333,4.0,2.3333333333333335,12.0,14.0,463.3333333333333,297.3333333333333,15.333333333333334,14.666666666666666,7.0,4.0,5.176479076479076,4.9350155692260955,7.144864192838701,6.838403461984022
202,12654035,2025-02-16,Borneo FC Samarinda,PS Barito Putera,0.011465823076469463,-0.15218623220495953,53.0,45.0,1.8054001666666668,1.3257489666666669,3.3333333333333335,3.6666666666666665,18.666666666666668,20.0,364.3333333333333,286.6666666666667,15.333333333333334,13.0,5.0,4.0,4.589130434782609,4.489855072463769,7.063346186809421,6.792144812281015
200,12654040,2025-02-16,PSIS Semarang,PSM Makassar,-0.4082941313875378,0.04837944578249593,50.333333333333336,38.0,1.3455921999999998,0.7008383333333333,1.3333333333333333,1.3333333333333333,13.666666666666666,18.333333333333332,369.0,293.0,18.666666666666668,11.666666666666666,5.0,3.0,4.540579710144928,4.678260869565217,6.654552882806212,6.758885945042452
203,12654041,2025-02-17,Arema FC,PSS Sleman,-0.014497828708521333,-0.14863188118773954,54.333333333333336,40.666666666666664,1.4792897,1.6856267,2.0,0.6666666666666666,19.0,15.0,401.0,246.66666666666666,14.666666666666666,9.333333333333334,4.333333333333333,4.333333333333333,4.601449275362319,5.519656084656084,6.949523555674019,6.796333949509545
204,12654045,2025-02-17,Bali United FC,Malut United FC,0.2991901993972846,0.19782245046677177,40.0,48.0,1.8503352,1.4341846666666669,3.0,2.3333333333333335,12.666666666666666,14.333333333333334,234.66666666666666,370.3333333333333,14.0,14.0,4.666666666666667,5.333333333333333,4.689776648472301,4.6,6.7720033657016385,6.930935043124307
205,12654042,2025-02-21,Persis Solo,Semen Padang FC,-0.44222679692841826,-0.29966967427824026,52.666666666666664,51.333333333333336,1.1413752333333333,1.440411,2.6666666666666665,4.666666666666667,10.333333333333334,12.333333333333334,344.0,377.3333333333333,15.666666666666666,15.333333333333334,2.0,3.0,4.5175230566534905,5.146020733652311,6.951226254885441,6.932719731523437
206,12654043,2025-02-21,PSBS Biak,Persik Kediri,-0.07660492316435533,-0.0335598971090357,49.666666666666664,57.666666666666664,1.905458,1.1482352999999998,2.3333333333333335,1.3333333333333333,19.333333333333332,14.333333333333334,384.0,389.6666666666667,23.666666666666668,21.333333333333332,5.333333333333333,2.6666666666666665,5.096928916494135,4.8445322793148895,6.970390897099112,6.972134145289037
207,12654047,2025-02-21,Dewa United FC,Persebaya Surabaya,0.512511309842288,0.021817566127237994,66.0,52.333333333333336,2.704591666666667,1.3406816666666668,4.0,0.6666666666666666,9.666666666666666,11.0,569.6666666666666,320.0,21.333333333333332,21.0,5.666666666666667,4.666666666666667,4.745,4.798412698412698,7.199693728699734,6.741165322580645
208,12654049,2025-02-22,Persita Tangerang,Borneo FC Samarinda,-0.02622024104953817,0.07026240172289225,42.666666666666664,61.333333333333336,1.0071828,1.1203945333333334,2.3333333333333335,1.3333333333333333,15.333333333333334,10.666666666666666,335.6666666666667,400.3333333333333,11.666666666666666,15.333333333333334,4.333333333333333,6.333333333333333,4.591304347826086,4.736652236652237,7.000691044963084,6.6428656884420105
209,12654053,2025-02-22,Persib Bandung,Madura United FC,0.5840706372620169,-0.37701562011250545,52.333333333333336,53.666666666666664,1.2963605333333332,1.6637161000000003,1.6666666666666667,0.6666666666666666,5.666666666666667,13.666666666666666,403.6666666666667,347.3333333333333,14.0,18.333333333333332,8.333333333333334,3.6666666666666665,4.517786561264821,4.195783926218708,6.893113680962799,6.828068430838105
210,12654048,2025-02-23,PSM Makassar,Persija Jakarta,0.006909872317060632,0.3036497941762867,47.333333333333336,46.333333333333336,1.5458040000000002,1.1702573333333335,3.0,3.6666666666666665,17.666666666666668,11.666666666666666,308.3333333333333,367.3333333333333,14.666666666666666,9.0,4.333333333333333,5.0,4.553227931488801,4.623030303030304,6.9716294879966005,6.784709008694491
211,12657421,2025-02-23,Malut United FC,PSS Sleman,0.2193236925098065,-0.27243776513317763,50.666666666666664,44.333333333333336,1.9013203333333333,1.3423486999999998,1.6666666666666667,1.0,11.0,14.333333333333334,363.3333333333333,241.66666666666666,17.0,11.666666666666666,5.0,4.333333333333333,4.59855072463768,5.406878306878306,6.9502224770409695,6.764222601011369
212,12654050,2025-02-24,Arema FC,PSIS Semarang,0.10930805523691678,-0.3668245579221025,56.333333333333336,43.333333333333336,2.0932359999999997,0.9540453333333335,3.6666666666666665,1.6666666666666667,16.0,16.0,381.3333333333333,334.0,17.333333333333332,13.0,5.333333333333333,3.3333333333333335,4.730434782608696,5.609259259259258,7.179188736614271,6.885262427304538
213,12654044,2025-02-24,PS Barito Putera,Bali United FC,-0.2109828108513823,0.27768895735424987,40.666666666666664,46.0,1.7233078666666666,1.8779038999999997,4.666666666666667,3.6666666666666665,13.0,8.666666666666666,295.0,296.3333333333333,10.333333333333334,17.666666666666668,3.6666666666666665,4.333333333333333,4.7855072463768105,4.5550724637681155,7.012355065346637,6.877963664746177
216,12654046,2025-03-01,Persik Kediri,Dewa United FC,-0.03749214193173646,0.595231806778828,50.666666666666664,64.0,1.0996759999999999,1.3918740000000003,0.3333333333333333,4.0,14.333333333333334,11.0,232.0,541.6666666666666,23.0,10.666666666666666,3.0,4.666666666666667,4.815804002760523,5.024444444444446,7.001448257179981,7.0693852553890935
214,12654054,2025-03-01,Persebaya Surabaya,Persib Bandung,-0.060902930809302064,0.5072665497746492,50.666666666666664,42.666666666666664,1.3793005,1.0869023333333334,0.6666666666666666,3.0,14.333333333333334,12.0,364.0,291.6666666666667,22.0,18.333333333333332,7.0,5.666666666666667,4.687619047619047,4.942352092352093,6.936426954887007,6.898565705266972
215,12654056,2025-03-01,Semen Padang FC,PSBS Biak,-0.30457695979218946,-0.07267267834165457,47.0,44.0,1.0768309999999996,0.8940100000000001,1.6666666666666667,1.0,12.666666666666666,12.0,301.3333333333333,264.3333333333333,8.333333333333334,17.333333333333332,4.0,3.3333333333333335,4.191831357048748,4.93469696969697,6.673659306288083,6.815224093383432
219,12654052,2025-03-02,Bali United FC,Persita Tangerang,0.17047928751943442,-0.09981830004819259,45.666666666666664,48.0,1.5731775333333333,0.9703066666666667,3.0,0.6666666666666666,13.333333333333334,16.333333333333332,298.3333333333333,357.0,17.333333333333332,9.0,5.0,3.6666666666666665,4.478643578643578,4.433333333333334,6.772354883489537,6.652098666167994
217,12654051,2025-03-02,Borneo FC Samarinda,Persis Solo,0.14386046072154665,-0.43731951141446906,52.666666666666664,54.666666666666664,1.8780545,1.1700176666666668,3.3333333333333335,0.6666666666666666,16.333333333333332,15.666666666666666,354.3333333333333,313.6666666666667,11.666666666666666,17.333333333333332,4.0,3.0,4.519367588932806,4.890909090909092,7.1664145654591955,6.784278815293036
218,12654055,2025-03-02,Madura United FC,PSM Makassar,-0.3002115326251377,0.0814476714045065,44.666666666666664,45.333333333333336,1.283778,1.0560016666666667,2.6666666666666665,1.0,17.0,18.666666666666668,300.0,324.3333333333333,17.0,15.333333333333334,2.0,7.0,4.482938076416337,4.798688750862663,6.973947078900861,6.883416689379021
220,12654059,2025-03-03,PSS Sleman,PS Barito Putera,-0.31696440442399376,-0.10377314101656684,48.0,43.333333333333336,2.0201474666666663,0.7866026666666667,3.0,3.6666666666666665,13.0,17.333333333333332,324.6666666666667,267.6666666666667,16.333333333333332,12.333333333333334,3.6666666666666665,4.0,4.627536231884059,4.581159420289855,6.859013822129604,6.783163807196408
221,12657420,2025-03-04,Malut United FC,Arema FC,0.2638503318006226,0.06642620684892694,48.0,48.666666666666664,1.8715716666666669,1.3083913333333335,2.3333333333333335,1.3333333333333333,9.0,15.333333333333334,338.3333333333333,362.0,14.333333333333334,21.333333333333332,3.6666666666666665,3.6666666666666665,4.717391304347825,4.602832674571805,6.990003609611087,6.858075451702604
222,12654060,2025-03-05,Persib Bandung,Persik Kediri,0.38805112490467575,-0.07489865897362798,53.0,55.666666666666664,1.1905700666666668,0.8724701333333332,0.6666666666666666,1.0,7.333333333333333,15.666666666666666,402.6666666666667,378.3333333333333,12.333333333333334,21.666666666666668,6.333333333333333,3.6666666666666665,4.332279314888011,4.996969696969699,6.911113121047316,6.959528047842254
223,12654063,2025-03-05,Dewa United FC,Semen Padang FC,0.6326383238207196,-0.2847449378878999,67.66666666666667,50.666666666666664,2.6429196666666663,0.8098026666666667,4.0,3.3333333333333335,8.666666666666666,12.333333333333334,606.6666666666666,344.6666666666667,22.333333333333332,13.333333333333334,5.666666666666667,2.6666666666666665,4.87,5.135263157894737,7.190408146880287,6.852378897460433
224,12654057,2025-03-06,PSBS Biak,Borneo FC Samarinda,-0.09250470024594411,0.047825130717434265,54.0,58.666666666666664,2.1202467,1.471633533333333,1.6666666666666667,1.3333333333333333,18.333333333333332,9.666666666666666,406.3333333333333,392.6666666666667,24.666666666666668,11.666666666666666,7.333333333333333,5.333333333333333,4.988233264320221,4.686059351276743,6.9385952070670625,6.666201679254725
225,12654062,2025-03-06,Persis Solo,Bali United FC,-0.34128418141035666,0.1335702061096058,56.333333333333336,46.0,1.3333755666666667,1.4640445,3.3333333333333335,1.3333333333333333,13.0,13.333333333333334,388.6666666666667,292.6666666666667,18.333333333333332,15.333333333333334,4.666666666666667,3.0,4.314624505928852,4.46231884057971,7.017987880300635,6.704034433837003
226,12654058,2025-03-07,PSM Makassar,Persebaya Surabaya,0.17752282984631096,0.05831249406067138,50.333333333333336,46.666666666666664,1.5023263333333337,1.2504730000000002,3.0,0.3333333333333333,17.0,15.0,328.0,327.6666666666667,13.666666666666666,21.666666666666668,5.333333333333333,4.666666666666667,4.488010540184454,4.810555555555555,7.068320891485448,6.811158083357216
227,12654065,2025-03-07,Persita Tangerang,PSS Sleman,-0.06290921863836398,-0.38120626850508305,42.666666666666664,46.333333333333336,0.9832201333333334,1.2112773666666665,1.3333333333333333,1.0,11.333333333333334,12.333333333333334,322.6666666666667,295.3333333333333,10.666666666666666,12.666666666666666,4.666666666666667,3.0,4.497101449275362,5.6387914230019485,6.821787284606169,6.68762252529866
228,12654064,2025-03-08,PS Barito Putera,Malut United FC,-0.0395312769354776,0.3246085885552104,45.0,48.333333333333336,1.7299465333333333,0.9694523666666667,4.333333333333333,1.3333333333333333,18.333333333333332,14.333333333333334,290.3333333333333,327.3333333333333,12.333333333333334,14.666666666666666,3.6666666666666665,4.333333333333333,4.834782608695652,4.573913043478261,7.051831136390997,6.9019088380456175
229,12657418,2025-03-09,Persija Jakarta,Arema FC,0.2291119950888408,0.005667950094339146,57.333333333333336,47.333333333333336,1.6750071000000002,1.3515633333333332,3.6666666666666665,1.0,13.0,14.0,414.6666666666667,378.6666666666667,13.0,19.0,6.666666666666667,5.0,5.122222222222223,4.220289855072464,6.92257988525952,6.779818614924715
231,12653979,2025-03-10,Semen Padang FC,Persib Bandung,-0.41647907152530567,0.4969323084812505,44.666666666666664,45.333333333333336,0.9590510333333331,0.8979453333333334,2.0,2.3333333333333335,12.0,12.0,304.0,297.6666666666667,6.666666666666667,20.666666666666668,3.6666666666666665,6.0,4.279710144927537,4.795454545454546,6.869311112801888,6.8174351094977546
230,12653994,2025-03-10,Dewa United FC,Borneo FC Samarinda,0.7643724574581254,-0.022618172398477757,67.0,55.666666666666664,2.373908333333333,1.4022058666666668,5.0,0.6666666666666666,8.666666666666666,13.333333333333334,607.3333333333334,407.6666666666667,18.666666666666668,14.0,3.6666666666666665,5.0,5.233333333333334,4.793926846100759,7.270199496445951,6.756603149098652
234,12653991,2025-03-11,PSS Sleman,Persis Solo,-0.29800411894048906,-0.31217098105960894,52.666666666666664,51.0,2.0025077000000002,0.7843443333333333,2.0,0.3333333333333333,14.333333333333334,10.333333333333334,401.3333333333333,283.0,14.666666666666666,16.333333333333332,4.333333333333333,3.0,4.57536231884058,4.887878787878788,6.721551927493653,6.7855463073192
233,12653988,2025-03-11,Persik Kediri,PSM Makassar,-0.18377984255020263,0.09243367298679661,51.666666666666664,48.666666666666664,1.2241261,1.4198516666666665,1.0,2.6666666666666665,12.333333333333334,18.333333333333332,294.0,340.3333333333333,22.333333333333332,16.333333333333332,4.666666666666667,6.0,4.891166321601104,4.747964113181504,6.947050834728121,6.97465888064828
232,12653990,2025-03-11,Bali United FC,PSBS Biak,0.10445700575885802,-0.022061397130032093,47.666666666666664,51.0,1.6831450000000003,1.2541276666666665,2.3333333333333335,0.3333333333333333,11.0,11.0,278.6666666666667,326.0,19.666666666666668,17.333333333333332,4.333333333333333,2.3333333333333335,4.314677834243052,5.047539682539682,6.791454581408286,6.842423278426576
235,12657417,2025-03-12,Malut United FC,Persita Tangerang,0.2905846469462379,-0.1461113682029579,48.666666666666664,51.0,1.4647023333333333,1.342627,2.6666666666666665,1.0,12.0,23.0,350.0,344.0,11.333333333333334,8.0,2.6666666666666665,5.333333333333333,4.933333333333333,4.582608695652174,7.064534267529248,6.770690582115198
236,12653985,2025-03-12,Persebaya Surabaya,PSIS Semarang,0.14340165092018572,-0.32394270953411264,49.333333333333336,47.666666666666664,1.1377747333333332,1.3491860666666666,2.3333333333333335,2.3333333333333335,15.0,15.333333333333334,346.0,354.6666666666667,22.0,16.0,6.666666666666667,3.3333333333333335,4.8097619047619045,5.462962962962962,7.017661506440678,6.856214586787693
237,12653992,2025-03-13,Arema FC,PS Barito Putera,0.11303426862811061,-0.005507335326505127,54.0,44.333333333333336,2.3421126666666665,0.8468910333333334,4.0,2.0,18.666666666666668,14.666666666666666,374.6666666666667,271.3333333333333,18.666666666666668,11.333333333333334,6.0,3.0,4.334782608695653,4.573913043478261,7.162665243423265,6.747903212802032
238,13560026,2025-03-16,PSIS Semarang,Madura United FC,-0.273520469281956,-0.39628669106694225,48.333333333333336,45.333333333333336,1.1701117,1.2451147666666669,1.3333333333333333,0.6666666666666666,9.666666666666666,15.333333333333334,352.0,309.0,14.666666666666666,17.333333333333332,4.0,2.6666666666666665,4.5898550724637674,4.136363636363637,6.756555953622225,6.889092381023744
239,13561514,2025-04-06,Madura United FC,Persija Jakarta,-0.31993901584302176,0.12174567655506935,48.333333333333336,42.333333333333336,0.9301333333333334,0.7528363333333333,2.3333333333333335,2.6666666666666665,15.666666666666666,16.666666666666668,346.0,326.0,21.666666666666668,13.333333333333334,2.3333333333333335,5.0,4.379710144927537,4.70030303030303,6.906433064406983,6.743140204794977
240,12653999,2025-04-10,PSM Makassar,Semen Padang FC,0.06690112724465594,-0.520435844164659,54.0,43.0,1.0325733333333333,0.3887893333333334,1.3333333333333333,1.3333333333333333,15.333333333333334,11.666666666666666,345.6666666666667,296.0,13.0,12.333333333333334,7.0,1.6666666666666667,4.679183135704875,4.955263157894737,6.980723328188286,6.506475518185862
241,12653998,2025-04-10,Bali United FC,Dewa United FC,-0.0012155578355826646,0.664646039639229,50.666666666666664,57.333333333333336,1.0537316666666667,1.2688336666666666,0.6666666666666666,4.333333333333333,11.333333333333334,14.333333333333334,326.0,507.0,17.0,8.666666666666666,6.0,5.333333333333333,4.268577075098814,5.104444444444445,6.775543879687322,7.028652899983517
243,12654000,2025-04-11,PSBS Biak,PSS Sleman,0.0836111664644086,-0.41468806614292686,51.333333333333336,45.0,1.7079497000000001,0.8017393333333334,2.0,2.3333333333333335,14.666666666666666,15.0,363.3333333333333,277.3333333333333,28.0,12.333333333333334,6.333333333333333,2.6666666666666665,4.686059351276742,5.52046783625731,6.978958854701827,6.679734717621251
242,12654003,2025-04-11,PSIS Semarang,Persik Kediri,-0.34986814450587644,-0.158247296808062,56.0,57.0,0.9698016999999997,0.7675056666666666,1.3333333333333333,1.0,9.0,13.0,420.6666666666667,364.0,17.0,19.666666666666668,5.0,4.666666666666667,4.660869565217391,5.099696969696971,6.90456814711822,6.877733914272689
244,12653996,2025-04-11,Borneo FC Samarinda,Persib Bandung,0.07710824542041865,0.6008890811206038,57.333333333333336,52.0,1.3962822333333331,1.3131416666666664,1.3333333333333333,4.333333333333333,13.0,13.0,383.0,355.3333333333333,11.666666666666666,17.666666666666668,5.666666666666667,5.333333333333333,4.479512516469039,4.895526695526695,7.05546051415402,6.839163272933234
246,12653997,2025-04-12,Persija Jakarta,Persebaya Surabaya,0.040962013533909505,0.09297941066802906,49.666666666666664,39.666666666666664,1.0437353666666667,1.3754426666666666,3.0,1.0,11.666666666666666,17.666666666666668,349.6666666666667,276.3333333333333,12.333333333333334,11.666666666666666,5.666666666666667,4.333333333333333,4.857431457431457,4.63031746031746,6.681056507072707,6.758451604623289
245,12654007,2025-04-12,Persis Solo,Malut United FC,-0.1954870338571712,0.34012417439712583,59.0,43.666666666666664,1.6013446333333334,0.7148597,2.3333333333333335,1.6666666666666667,15.333333333333334,17.0,394.0,292.6666666666667,18.0,13.666666666666666,7.333333333333333,3.0,4.5550724637681155,4.734782608695652,7.05093837535014,6.830432086916761
247,12654006,2025-04-13,Persita Tangerang,PS Barito Putera,-0.1956508956538458,-0.10235872125880761,45.0,47.333333333333336,1.1949696666666665,1.2241587,1.0,2.3333333333333335,9.333333333333334,12.0,301.0,319.0,14.333333333333334,15.666666666666666,8.0,1.6666666666666667,4.592753623188405,4.579710144927536,6.837913951585517,6.730271492782723
